ts,team,R32,R16,QF,SF,Final,Win,Elo,Conf,Grp
2026-06-13T12:00,Spain,99.8,80.9,61.6,49.5,36.8,25.3,2171,UEFA,H
2026-06-13T12:00,Argentina,98.2,68.6,54.0,39.1,26.0,15.2,2113,CONMEBOL,J
2026-06-13T12:00,France,95.7,74.4,52.2,35.8,19.6,11.4,2063,UEFA,I
2026-06-13T12:00,England,97.7,69.9,44.5,27.9,16.0,8.2,2042,UEFA,L
2026-06-13T12:00,Colombia,93.3,63.4,38.0,20.8,11.8,5.6,1998,CONMEBOL,K
2026-06-13T12:00,Brazil,96.7,60.6,36.2,19.9,9.0,4.4,1979,CONMEBOL,C
2026-06-13T12:00,Portugal,92.2,59.8,33.0,17.3,9.0,4.0,1976,UEFA,K
2026-06-13T12:00,Netherlands,93.2,57.4,37.6,18.9,8.1,3.5,1959,UEFA,F
2026-06-13T12:00,United States,99.0,65.8,36.8,13.7,6.6,2.6,1861,CONCACAF,D
2026-06-13T12:00,Ecuador,96.2,58.9,29.8,15.2,6.0,2.3,1933,CONMEBOL,E
2026-06-13T12:00,Norway,83.5,50.1,26.7,13.3,5.6,2.1,1922,UEFA,I
2026-06-13T12:00,Croatia,92.2,51.1,23.6,12.3,5.7,2.1,1933,UEFA,L
2026-06-13T12:00,Germany,95.4,55.2,26.0,13.3,4.9,1.9,1910,UEFA,E
2026-06-13T12:00,Switzerland,95.1,61.1,28.1,11.3,4.6,1.6,1897,UEFA,B
2026-06-13T12:00,Mexico,98.9,62.2,26.7,11.0,3.8,1.4,1818,CONCACAF,A
2026-06-13T12:00,Japan,84.3,41.6,21.9,9.4,3.4,1.4,1879,AFC,F
2026-06-13T12:00,Uruguay,91.9,34.8,18.8,8.8,3.5,1.2,1890,CONMEBOL,H
2026-06-13T12:00,Türkiye,82.2,48.6,21.4,8.2,3.3,1.1,1880,UEFA,D
2026-06-13T12:00,Morocco,87.4,40.3,19.2,7.5,2.5,1.0,1850,CAF,C
2026-06-13T12:00,Senegal,75.2,39.5,18.2,7.8,2.7,0.9,1869,CAF,I
2026-06-13T12:00,Belgium,90.1,50.4,20.6,6.0,2.5,0.8,1849,UEFA,G
2026-06-13T12:00,South Korea,97.4,55.8,20.1,6.5,1.6,0.4,1812,AFC,A
2026-06-13T12:00,Iran,84.9,40.5,14.7,4.0,1.4,0.3,1800,AFC,G
2026-06-13T12:00,Scotland,66.8,20.4,6.7,2.0,0.6,0.2,1730,UEFA,C
2026-06-13T12:00,Austria,64.3,18.1,7.6,2.6,0.8,0.2,1800,UEFA,J
2026-06-13T12:00,Australia,57.3,22.7,7.2,1.9,0.5,0.2,1755,AFC,D
2026-06-13T12:00,Algeria,64.5,19.0,8.2,2.8,0.9,0.2,1800,CAF,J
2026-06-13T12:00,Egypt,71.7,26.4,7.1,1.5,0.4,0.1,1720,CAF,G
2026-06-13T12:00,Czechia,60.4,25.5,7.5,1.7,0.3,0.1,1728,UEFA,A
2026-06-13T12:00,Canada,75.0,31.7,10.6,2.6,0.5,0.1,1692,CONCACAF,B
2026-06-13T12:00,Panama,30.1,4.9,1.0,0.2,0.0,0.0,1600,CONCACAF,L
2026-06-13T12:00,South Africa,17.9,3.9,0.6,0.1,0.0,0.0,1542,CAF,A
2026-06-13T12:00,DR Congo,47.7,13.9,4.5,1.3,0.3,0.0,1720,CAF,K
2026-06-13T12:00,Uzbekistan,33.4,7.5,1.9,0.6,0.2,0.0,1660,AFC,K
2026-06-13T12:00,Qatar,36.2,7.0,1.2,0.1,0.0,0.0,1540,AFC,B
2026-06-13T12:00,Jordan,36.1,7.1,2.0,0.5,0.1,0.0,1680,AFC,J
2026-06-13T12:00,Curaçao,11.9,1.4,0.1,0.0,0.0,0.0,1440,CONCACAF,E
2026-06-13T12:00,Bosnia & Herzegovina,57.4,15.0,3.1,0.4,0.0,0.0,1618,UEFA,B
2026-06-13T12:00,Iraq,17.9,4.6,1.0,0.2,0.0,0.0,1620,AFC,I
2026-06-13T12:00,Tunisia,42.5,11.8,3.4,0.8,0.2,0.0,1680,CAF,F
2026-06-13T12:00,Haiti,18.7,2.8,0.5,0.0,0.0,0.0,1520,CONCACAF,C
2026-06-13T12:00,Paraguay,30.5,10.2,2.3,0.6,0.2,0.0,1724,CONMEBOL,D
2026-06-13T12:00,Cabo Verde,16.6,1.8,0.2,0.0,0.0,0.0,1500,CAF,H
2026-06-13T12:00,Saudi Arabia,41.7,7.6,1.9,0.3,0.0,0.0,1620,AFC,H
2026-06-13T12:00,Côte d'Ivoire,66.4,19.2,5.2,1.1,0.2,0.0,1690,CAF,E
2026-06-13T12:00,New Zealand,26.8,5.0,0.6,0.1,0.0,0.0,1530,OFC,G
2026-06-13T12:00,Sweden,49.4,14.2,4.3,0.9,0.2,0.0,1700,UEFA,F
2026-06-13T12:00,Ghana,38.3,7.6,1.6,0.4,0.1,0.0,1640,CAF,L
2026-06-14T12:00,Spain,99.8,81.0,62.7,50.7,37.8,26.8,2171,UEFA,H
2026-06-14T12:00,Argentina,98.0,67.5,53.2,38.8,26.0,15.4,2113,CONMEBOL,J
2026-06-14T12:00,France,95.0,74.0,51.0,35.0,19.0,11.5,2063,UEFA,I
2026-06-14T12:00,England,98.0,68.8,43.8,27.9,16.6,8.0,2042,UEFA,L
2026-06-14T12:00,Colombia,93.6,62.4,37.2,21.7,12.0,5.1,1998,CONMEBOL,K
2026-06-14T12:00,Portugal,91.6,58.6,34.1,17.7,9.2,4.0,1976,UEFA,K
2026-06-14T12:00,Brazil,96.5,57.3,35.6,19.1,7.8,3.7,1968,CONMEBOL,C
2026-06-14T12:00,Netherlands,90.9,52.8,31.8,16.3,7.2,3.0,1952,UEFA,F
2026-06-14T12:00,United States,99.1,66.5,38.9,13.4,6.7,3.0,1861,CONCACAF,D
2026-06-14T12:00,Ecuador,96.2,54.6,28.0,15.4,5.9,2.2,1933,CONMEBOL,E
2026-06-14T12:00,Croatia,92.4,51.2,24.1,11.6,5.1,2.1,1933,UEFA,L
2026-06-14T12:00,Germany,99.9,60.8,29.6,14.1,5.2,2.0,1918,UEFA,E
2026-06-14T12:00,Norway,83.2,49.4,27.2,12.3,5.0,1.8,1922,UEFA,I
2026-06-14T12:00,Mexico,98.0,61.6,27.4,11.4,4.7,1.6,1818,CONCACAF,A
2026-06-14T12:00,Japan,87.6,45.1,23.1,10.5,4.0,1.5,1886,AFC,F
2026-06-14T12:00,Uruguay,92.4,37.0,19.0,9.2,3.8,1.4,1890,CONMEBOL,H
2026-06-14T12:00,Switzerland,87.2,52.8,23.7,9.4,3.1,1.1,1874,UEFA,B
2026-06-14T12:00,Senegal,75.8,38.9,18.9,8.2,3.0,1.0,1869,CAF,I
2026-06-14T12:00,South Korea,97.4,56.2,21.8,8.4,2.4,0.8,1812,AFC,A
2026-06-14T12:00,Belgium,89.5,52.0,21.6,7.4,3.0,0.8,1849,UEFA,G
2026-06-14T12:00,Morocco,91.7,43.5,21.8,8.3,2.5,0.6,1861,CAF,C
2026-06-14T12:00,Australia,95.7,50.1,19.6,6.4,2.3,0.6,1816,AFC,D
2026-06-14T12:00,Iran,84.4,42.0,14.9,4.1,1.8,0.5,1800,AFC,G
2026-06-14T12:00,Algeria,62.8,19.0,8.1,2.8,1.0,0.4,1800,CAF,J
2026-06-14T12:00,Austria,64.2,17.2,6.8,2.2,0.9,0.4,1800,UEFA,J
2026-06-14T12:00,Canada,71.2,31.6,10.3,2.5,0.6,0.3,1692,CONCACAF,B
2026-06-14T12:00,Türkiye,47.0,19.7,7.8,2.8,0.8,0.2,1819,UEFA,D
2026-06-14T12:00,Egypt,71.0,28.8,7.2,1.6,0.6,0.2,1720,CAF,G
2026-06-14T12:00,Czechia,57.3,24.0,7.4,1.4,0.4,0.1,1728,UEFA,A
2026-06-14T12:00,Bosnia & Herzegovina,55.9,15.0,2.7,0.3,0.0,0.0,1618,UEFA,B
2026-06-14T12:00,Panama,29.2,4.7,1.0,0.2,0.0,0.0,1600,CONCACAF,L
2026-06-14T12:00,South Africa,18.6,3.8,0.5,0.2,0.0,0.0,1542,CAF,A
2026-06-14T12:00,DR Congo,48.8,13.8,3.8,0.9,0.2,0.0,1720,CAF,K
2026-06-14T12:00,Uzbekistan,29.6,6.8,1.6,0.4,0.2,0.0,1660,AFC,K
2026-06-14T12:00,Qatar,50.7,11.1,1.6,0.3,0.0,0.0,1563,AFC,B
2026-06-14T12:00,Jordan,36.9,6.4,1.8,0.3,0.0,0.0,1680,AFC,J
2026-06-14T12:00,Curaçao,5.1,0.4,0.0,0.0,0.0,0.0,1432,CONCACAF,E
2026-06-14T12:00,Iraq,17.6,4.9,0.8,0.1,0.0,0.0,1620,AFC,I
2026-06-14T12:00,Côte d'Ivoire,67.6,21.0,6.0,1.5,0.2,0.0,1690,CAF,E
2026-06-14T12:00,Scotland,85.5,27.8,9.3,3.0,0.5,0.0,1744,UEFA,C
2026-06-14T12:00,Haiti,7.0,0.8,0.0,0.0,0.0,0.0,1506,CONCACAF,C
2026-06-14T12:00,Cabo Verde,14.7,1.9,0.3,0.0,0.0,0.0,1500,CAF,H
2026-06-14T12:00,Saudi Arabia,37.8,7.8,1.8,0.1,0.0,0.0,1620,AFC,H
2026-06-14T12:00,Paraguay,30.0,10.1,2.9,0.7,0.1,0.0,1724,CONMEBOL,D
2026-06-14T12:00,New Zealand,27.1,5.3,0.5,0.0,0.0,0.0,1530,OFC,G
2026-06-14T12:00,Sweden,49.2,14.6,4.0,0.8,0.2,0.0,1700,UEFA,F
2026-06-14T12:00,Tunisia,43.2,11.1,2.8,0.4,0.0,0.0,1680,CAF,F
2026-06-14T12:00,Ghana,38.2,8.4,2.3,0.2,0.0,0.0,1640,CAF,L
2026-06-15T12:00,Spain,97.5,72.7,54.9,43.5,31.1,20.6,2142,UEFA,H
2026-06-15T12:00,Argentina,97.7,68.6,54.9,39.8,26.8,16.9,2113,CONMEBOL,J
2026-06-15T12:00,France,95.6,75.4,55.0,37.3,21.3,12.1,2063,UEFA,I
2026-06-15T12:00,England,97.7,69.7,46.6,30.6,17.3,9.5,2042,UEFA,L
2026-06-15T12:00,Colombia,93.3,62.0,38.5,20.9,12.0,5.8,1998,CONMEBOL,K
2026-06-15T12:00,Brazil,96.2,58.9,35.6,19.2,8.9,4.2,1968,CONMEBOL,C
2026-06-15T12:00,Portugal,91.5,58.3,33.8,17.2,8.8,4.1,1976,UEFA,K
2026-06-15T12:00,Netherlands,91.7,54.3,33.2,16.9,7.6,3.4,1952,UEFA,F
2026-06-15T12:00,United States,98.7,64.8,35.9,14.9,7.0,2.8,1861,CONCACAF,D
2026-06-15T12:00,Croatia,91.5,50.1,25.7,13.3,6.2,2.5,1933,UEFA,L
2026-06-15T12:00,Germany,99.7,60.7,28.0,14.7,6.1,2.3,1918,UEFA,E
2026-06-15T12:00,Norway,82.0,51.5,28.1,14.0,5.8,2.3,1922,UEFA,I
2026-06-15T12:00,Uruguay,88.8,38.5,19.4,9.4,4.1,1.5,1890,CONMEBOL,H
2026-06-15T12:00,Mexico,97.8,61.4,26.6,11.2,4.0,1.5,1818,CONCACAF,A
2026-06-15T12:00,Japan,87.9,44.5,23.6,10.4,4.0,1.4,1886,AFC,F
2026-06-15T12:00,Senegal,73.5,40.6,20.4,8.6,3.4,1.2,1869,CAF,I
2026-06-15T12:00,Morocco,91.1,43.3,21.8,9.2,3.3,1.2,1861,CAF,C
2026-06-15T12:00,Switzerland,87.5,51.4,23.0,8.2,3.2,1.2,1874,UEFA,B
2026-06-15T12:00,Ecuador,82.3,40.9,20.0,8.0,3.0,1.1,1885,CONMEBOL,E
2026-06-15T12:00,Australia,94.7,50.7,18.1,6.4,2.3,0.8,1816,AFC,D
2026-06-15T12:00,South Korea,96.9,55.0,20.2,7.2,2.2,0.7,1812,AFC,A
2026-06-15T12:00,Belgium,86.8,45.9,17.6,5.8,2.3,0.7,1838,UEFA,G
2026-06-15T12:00,Iran,83.0,41.0,14.9,4.6,1.6,0.5,1800,AFC,G
2026-06-15T12:00,Algeria,62.7,21.6,9.0,3.1,1.2,0.3,1800,CAF,J
2026-06-15T12:00,Austria,62.7,20.8,8.5,2.8,1.0,0.3,1800,UEFA,J
2026-06-15T12:00,Canada,71.4,30.3,10.4,2.7,0.6,0.2,1692,CONCACAF,B
2026-06-15T12:00,Côte d'Ivoire,96.8,33.5,9.9,2.9,0.8,0.2,1738,CAF,E
2026-06-15T12:00,Türkiye,44.6,18.6,7.1,3.0,1.0,0.2,1819,UEFA,D
2026-06-15T12:00,Sweden,95.3,33.1,12.0,3.2,0.9,0.2,1753,UEFA,F
2026-06-15T12:00,Egypt,76.1,29.5,8.1,2.0,0.6,0.1,1731,CAF,G
2026-06-15T12:00,DR Congo,44.6,13.0,4.2,1.1,0.3,0.1,1720,CAF,K
2026-06-15T12:00,Scotland,81.1,26.7,8.6,2.4,0.5,0.1,1744,UEFA,C
2026-06-15T12:00,Qatar,50.0,10.5,1.8,0.2,0.0,0.0,1563,AFC,B
2026-06-15T12:00,Tunisia,7.9,1.8,0.5,0.0,0.0,0.0,1627,CAF,F
2026-06-15T12:00,Uzbekistan,29.3,6.9,1.8,0.4,0.1,0.0,1660,AFC,K
2026-06-15T12:00,Jordan,33.1,7.5,2.2,0.5,0.1,0.0,1680,AFC,J
2026-06-15T12:00,South Africa,15.9,3.8,0.7,0.0,0.0,0.0,1542,CAF,A
2026-06-15T12:00,Panama,26.8,4.2,1.0,0.2,0.0,0.0,1600,CONCACAF,L
2026-06-15T12:00,Czechia,56.2,25.0,7.3,1.6,0.5,0.0,1728,UEFA,A
2026-06-15T12:00,Iraq,16.4,4.4,1.0,0.2,0.0,0.0,1620,AFC,I
2026-06-15T12:00,Bosnia & Herzegovina,54.5,14.3,3.1,0.6,0.1,0.0,1618,UEFA,B
2026-06-15T12:00,Haiti,6.0,0.7,0.1,0.0,0.0,0.0,1506,CONCACAF,C
2026-06-15T12:00,Paraguay,28.1,9.2,2.4,0.7,0.2,0.0,1724,CONMEBOL,D
2026-06-15T12:00,Cabo Verde,37.2,4.3,0.6,0.0,0.0,0.0,1529,CAF,H
2026-06-15T12:00,Saudi Arabia,35.7,7.1,1.6,0.3,0.0,0.0,1620,AFC,H
2026-06-15T12:00,New Zealand,25.3,5.0,0.5,0.0,0.0,0.0,1530,OFC,G
2026-06-15T12:00,Curaçao,3.1,0.4,0.0,0.0,0.0,0.0,1432,CONCACAF,E
2026-06-15T12:00,Ghana,35.9,7.1,1.9,0.4,0.0,0.0,1640,CAF,L
2026-06-17T12:00,Spain,96.1,70.2,52.9,41.1,28.3,18.5,2142,UEFA,H
2026-06-17T12:00,Argentina,99.8,74.9,60.0,42.5,28.9,18.1,2128,CONMEBOL,J
2026-06-17T12:00,France,99.7,80.1,58.3,40.5,23.1,13.1,2085,UEFA,I
2026-06-17T12:00,England,96.7,68.1,44.3,27.7,15.1,7.8,2042,UEFA,L
2026-06-17T12:00,Colombia,91.4,60.5,37.9,19.2,10.6,5.6,1998,CONMEBOL,K
2026-06-17T12:00,Portugal,89.7,57.2,33.4,17.3,9.0,4.4,1976,UEFA,K
2026-06-17T12:00,Brazil,95.1,55.4,33.8,17.5,7.9,3.6,1968,CONMEBOL,C
2026-06-17T12:00,United States,98.3,64.7,35.6,14.9,7.4,3.2,1861,CONCACAF,D
2026-06-17T12:00,Netherlands,90.7,51.9,31.7,15.8,7.1,3.0,1952,UEFA,F
2026-06-17T12:00,Norway,97.2,61.3,33.3,16.8,7.2,2.8,1938,UEFA,I
2026-06-17T12:00,Germany,99.7,59.6,25.4,13.6,5.7,2.7,1918,UEFA,E
2026-06-17T12:00,Croatia,90.9,51.3,25.8,14.4,6.5,2.6,1933,UEFA,L
2026-06-17T12:00,Japan,86.9,43.4,23.4,10.2,4.1,1.8,1886,AFC,F
2026-06-17T12:00,Mexico,97.5,60.6,26.6,11.5,4.3,1.5,1818,CONCACAF,A
2026-06-17T12:00,Morocco,89.6,42.4,21.8,8.9,3.6,1.3,1861,CAF,C
2026-06-17T12:00,Uruguay,79.2,29.8,15.2,7.2,3.2,1.2,1870,CONMEBOL,H
2026-06-17T12:00,Switzerland,85.7,51.5,22.8,8.6,3.1,1.1,1874,UEFA,B
2026-06-17T12:00,Ecuador,81.8,40.1,19.8,8.2,3.1,1.0,1885,CONMEBOL,E
2026-06-17T12:00,South Korea,96.4,52.6,19.6,7.0,2.5,0.9,1812,AFC,A
2026-06-17T12:00,Senegal,60.1,30.8,14.1,5.8,2.3,0.8,1847,CAF,I
2026-06-17T12:00,Belgium,84.4,45.6,18.5,6.4,2.6,0.8,1838,UEFA,G
2026-06-17T12:00,Australia,94.6,50.5,18.1,5.9,2.3,0.7,1816,AFC,D
2026-06-17T12:00,Austria,91.5,31.2,13.5,5.6,2.1,0.6,1830,UEFA,J
2026-06-17T12:00,Iran,66.3,31.8,11.2,3.7,1.2,0.4,1780,AFC,G
2026-06-17T12:00,Türkiye,45.7,20.2,7.3,2.9,1.0,0.4,1819,UEFA,D
2026-06-17T12:00,Canada,72.1,32.3,11.3,3.0,1.0,0.3,1692,CONCACAF,B
2026-06-17T12:00,Algeria,49.5,17.0,6.8,2.6,1.0,0.3,1785,CAF,J
2026-06-17T12:00,Scotland,81.9,27.5,9.9,2.9,0.8,0.2,1744,UEFA,C
2026-06-17T12:00,Sweden,94.2,32.8,12.6,3.8,0.9,0.2,1753,UEFA,F
2026-06-17T12:00,Côte d'Ivoire,96.4,32.0,9.5,3.2,0.9,0.2,1738,CAF,E
2026-06-17T12:00,Egypt,74.3,29.2,8.5,2.4,0.8,0.2,1731,CAF,G
2026-06-17T12:00,Czechia,57.1,25.9,8.1,2.2,0.6,0.2,1728,UEFA,A
2026-06-17T12:00,DR Congo,46.8,14.9,5.1,1.7,0.5,0.2,1720,CAF,K
2026-06-17T12:00,Uzbekistan,32.6,8.8,2.8,0.6,0.2,0.1,1660,AFC,K
2026-06-17T12:00,Ghana,37.8,8.6,2.2,0.6,0.2,0.1,1640,CAF,L
2026-06-17T12:00,Paraguay,30.0,10.8,3.0,1.0,0.4,0.1,1724,CONMEBOL,D
2026-06-17T12:00,Iraq,7.8,2.0,0.6,0.1,0.0,0.0,1604,AFC,I
2026-06-17T12:00,Bosnia & Herzegovina,54.6,16.4,3.4,0.6,0.2,0.0,1618,UEFA,B
2026-06-17T12:00,Tunisia,10.1,3.0,0.9,0.2,0.0,0.0,1627,CAF,F
2026-06-17T12:00,Haiti,7.6,1.4,0.2,0.0,0.0,0.0,1506,CONCACAF,C
2026-06-17T12:00,Jordan,14.4,3.9,1.2,0.3,0.1,0.0,1650,AFC,J
2026-06-17T12:00,Qatar,50.5,12.6,2.5,0.4,0.1,0.0,1563,AFC,B
2026-06-17T12:00,Cabo Verde,36.8,4.3,0.8,0.1,0.0,0.0,1529,CAF,H
2026-06-17T12:00,Saudi Arabia,53.5,10.5,2.9,0.8,0.2,0.0,1640,AFC,H
2026-06-17T12:00,New Zealand,34.8,8.9,1.4,0.2,0.0,0.0,1550,OFC,G
2026-06-17T12:00,South Africa,17.7,5.0,0.8,0.1,0.0,0.0,1542,CAF,A
2026-06-17T12:00,Panama,29.7,5.9,1.5,0.3,0.0,0.0,1600,CONCACAF,L
2026-06-17T12:00,Curaçao,4.6,0.4,0.0,0.0,0.0,0.0,1432,CONCACAF,E
2026-06-18T12:00,Argentina,99.8,75.4,61.2,43.2,28.6,18.4,2128,CONMEBOL,J
2026-06-18T12:00,Spain,96.5,70.9,54.1,41.7,27.9,17.5,2142,UEFA,H
2026-06-18T12:00,France,99.6,79.6,57.3,39.4,22.8,12.8,2085,UEFA,I
2026-06-18T12:00,England,99.8,76.4,55.2,35.5,20.4,11.3,2073,UEFA,L
2026-06-18T12:00,Colombia,98.3,68.7,46.0,23.4,12.2,6.2,2009,CONMEBOL,K
2026-06-18T12:00,Brazil,94.3,55.5,33.0,16.8,8.0,3.8,1968,CONMEBOL,C
2026-06-18T12:00,Portugal,83.3,50.9,26.5,14.2,7.0,3.0,1957,UEFA,K
2026-06-18T12:00,Netherlands,91.3,52.6,31.3,14.9,6.8,2.9,1952,UEFA,F
2026-06-18T12:00,Norway,97.2,61.2,34.1,16.8,7.3,2.8,1938,UEFA,I
2026-06-18T12:00,United States,98.4,64.0,35.0,14.8,7.0,2.8,1861,CONCACAF,D
2026-06-18T12:00,Germany,99.7,60.6,25.8,13.2,5.3,2.0,1918,UEFA,E
2026-06-18T12:00,Japan,86.3,43.6,23.7,10.4,4.5,2.0,1886,AFC,F
2026-06-18T12:00,Mexico,97.2,60.3,24.3,10.8,4.3,1.6,1818,CONCACAF,A
2026-06-18T12:00,Croatia,82.8,41.0,16.8,8.8,3.7,1.5,1902,UEFA,L
2026-06-18T12:00,Ecuador,81.2,39.4,19.0,7.7,3.2,1.3,1885,CONMEBOL,E
2026-06-18T12:00,Uruguay,78.8,29.4,15.4,7.8,3.2,1.2,1870,CONMEBOL,H
2026-06-18T12:00,Morocco,89.6,42.2,21.2,8.2,3.1,1.1,1861,CAF,C
2026-06-18T12:00,Switzerland,86.7,50.8,22.2,8.6,3.3,1.1,1874,UEFA,B
2026-06-18T12:00,Australia,94.2,50.2,18.7,6.9,2.7,1.0,1816,AFC,D
2026-06-18T12:00,Senegal,59.9,30.7,14.5,5.7,2.3,0.9,1847,CAF,I
2026-06-18T12:00,Belgium,84.8,45.9,18.3,6.4,2.3,0.8,1838,UEFA,G
2026-06-18T12:00,South Korea,96.3,53.4,18.8,6.4,2.1,0.7,1812,AFC,A
2026-06-18T12:00,Austria,91.0,30.1,13.4,5.4,2.1,0.5,1830,UEFA,J
2026-06-18T12:00,Iran,65.3,30.8,10.4,3.5,1.5,0.5,1780,AFC,G
2026-06-18T12:00,Türkiye,45.3,20.2,7.4,2.9,1.1,0.4,1819,UEFA,D
2026-06-18T12:00,Sweden,94.1,33.1,12.4,3.4,0.9,0.2,1753,UEFA,F
2026-06-18T12:00,Egypt,74.2,30.8,8.9,2.5,0.6,0.2,1731,CAF,G
2026-06-18T12:00,Czechia,56.4,24.8,8.1,2.0,0.6,0.2,1728,UEFA,A
2026-06-18T12:00,Côte d'Ivoire,96.7,32.2,9.1,2.7,0.8,0.2,1738,CAF,E
2026-06-18T12:00,DR Congo,58.3,18.8,6.1,2.0,0.6,0.2,1739,CAF,K
2026-06-18T12:00,Canada,71.7,32.1,11.2,3.4,1.1,0.2,1692,CONCACAF,B
2026-06-18T12:00,Algeria,49.6,16.9,6.9,2.3,0.8,0.2,1785,CAF,J
2026-06-18T12:00,Scotland,81.5,26.7,9.1,2.6,0.5,0.1,1744,UEFA,C
2026-06-18T12:00,Ghana,65.7,15.3,4.4,1.2,0.3,0.1,1667,CAF,L
2026-06-18T12:00,Paraguay,29.9,11.3,2.9,1.0,0.3,0.1,1724,CONMEBOL,D
2026-06-18T12:00,Tunisia,9.9,3.0,0.8,0.2,0.0,0.0,1627,CAF,F
2026-06-18T12:00,Iraq,8.3,2.2,0.7,0.2,0.0,0.0,1604,AFC,I
2026-06-18T12:00,Bosnia & Herzegovina,54.1,15.5,3.5,0.6,0.1,0.0,1618,UEFA,B
2026-06-18T12:00,Haiti,8.1,1.3,0.2,0.0,0.0,0.0,1506,CONCACAF,C
2026-06-18T12:00,Jordan,15.2,4.4,1.3,0.4,0.1,0.0,1650,AFC,J
2026-06-18T12:00,Qatar,50.6,12.7,2.6,0.4,0.1,0.0,1563,AFC,B
2026-06-18T12:00,Cabo Verde,37.2,4.2,0.8,0.1,0.0,0.0,1529,CAF,H
2026-06-18T12:00,Uzbekistan,23.8,5.3,1.6,0.4,0.1,0.0,1649,AFC,K
2026-06-18T12:00,Saudi Arabia,52.5,10.0,2.8,0.6,0.2,0.0,1640,AFC,H
2026-06-18T12:00,New Zealand,34.6,8.4,1.4,0.2,0.1,0.0,1550,OFC,G
2026-06-18T12:00,South Africa,17.5,4.9,0.9,0.1,0.0,0.0,1542,CAF,A
2026-06-18T12:00,Panama,8.3,1.5,0.4,0.1,0.0,0.0,1573,CONCACAF,L
2026-06-18T12:00,Curaçao,4.1,0.4,0.0,0.0,0.0,0.0,1432,CONCACAF,E
2026-06-19T12:00,Spain,96.2,71.1,54.5,42.4,29.0,18.1,2142,UEFA,H
2026-06-19T12:00,Argentina,99.9,75.1,60.6,42.9,28.3,17.6,2128,CONMEBOL,J
2026-06-19T12:00,France,99.7,79.8,57.4,39.3,22.9,12.5,2085,UEFA,I
2026-06-19T12:00,England,99.9,76.3,54.0,35.3,19.3,11.2,2073,UEFA,L
2026-06-19T12:00,Colombia,98.4,69.7,44.0,22.7,12.0,6.3,2009,CONMEBOL,K
2026-06-19T12:00,Brazil,94.7,56.9,33.6,17.3,8.1,3.6,1968,CONMEBOL,C
2026-06-19T12:00,Portugal,83.6,51.0,26.9,14.1,7.0,3.2,1957,UEFA,K
2026-06-19T12:00,United States,98.3,67.6,35.4,15.2,7.5,3.1,1861,CONCACAF,D
2026-06-19T12:00,Norway,97.4,61.0,34.2,16.7,7.3,3.0,1938,UEFA,I
2026-06-19T12:00,Netherlands,91.0,51.2,30.2,14.3,6.2,2.7,1952,UEFA,F
2026-06-19T12:00,Germany,99.6,60.4,25.6,13.4,5.4,2.0,1918,UEFA,E
2026-06-19T12:00,Mexico,100.0,63.1,24.4,11.4,4.5,1.8,1848,CONCACAF,A
2026-06-19T12:00,Switzerland,100.0,63.6,29.2,11.2,4.6,1.8,1893,UEFA,B
2026-06-19T12:00,Japan,86.4,42.7,21.6,9.2,3.7,1.5,1886,AFC,F
2026-06-19T12:00,Ecuador,82.4,39.0,19.0,7.5,3.1,1.3,1885,CONMEBOL,E
2026-06-19T12:00,Uruguay,79.1,29.7,15.9,7.3,3.3,1.2,1870,CONMEBOL,H
2026-06-19T12:00,Croatia,83.9,40.9,15.9,8.3,3.6,1.1,1902,UEFA,L
2026-06-19T12:00,Morocco,89.8,42.7,20.6,8.4,2.9,1.1,1861,CAF,C
2026-06-19T12:00,Australia,94.8,53.3,20.0,7.0,2.7,1.0,1816,AFC,D
2026-06-19T12:00,Belgium,85.2,44.8,19.3,6.8,2.6,0.9,1838,UEFA,G
2026-06-19T12:00,Senegal,62.0,31.6,14.9,5.5,2.1,0.8,1847,CAF,I
2026-06-19T12:00,Austria,91.7,30.7,13.5,5.7,2.2,0.6,1830,UEFA,J
2026-06-19T12:00,Iran,65.9,30.1,10.5,3.3,1.3,0.5,1780,AFC,G
2026-06-19T12:00,Canada,100.0,53.3,18.7,5.4,1.6,0.5,1733,CONCACAF,B
2026-06-19T12:00,South Korea,91.8,41.7,16.2,5.3,1.7,0.4,1783,AFC,A
2026-06-19T12:00,Türkiye,46.4,21.0,7.7,3.0,1.0,0.4,1819,UEFA,D
2026-06-19T12:00,Algeria,51.1,16.9,7.0,2.6,1.1,0.3,1785,CAF,J
2026-06-19T12:00,Côte d'Ivoire,96.8,32.5,9.9,2.9,0.9,0.3,1738,CAF,E
2026-06-19T12:00,DR Congo,60.0,19.0,6.2,2.2,0.7,0.2,1739,CAF,K
2026-06-19T12:00,Sweden,94.9,32.1,11.5,3.2,0.8,0.2,1753,UEFA,F
2026-06-19T12:00,Egypt,74.9,29.7,8.7,2.4,0.8,0.2,1731,CAF,G
2026-06-19T12:00,Scotland,84.6,27.9,9.1,2.5,0.5,0.1,1744,UEFA,C
2026-06-19T12:00,Uzbekistan,25.5,5.4,1.5,0.3,0.1,0.1,1649,AFC,K
2026-06-19T12:00,Ghana,69.6,16.2,4.2,1.0,0.2,0.1,1667,CAF,L
2026-06-19T12:00,Paraguay,30.0,10.9,2.7,0.9,0.2,0.1,1724,CONMEBOL,D
2026-06-19T12:00,Haiti,8.8,1.2,0.3,0.1,0.0,0.0,1506,CONCACAF,C
2026-06-19T12:00,Iraq,8.2,2.1,0.5,0.1,0.0,0.0,1604,AFC,I
2026-06-19T12:00,Bosnia & Herzegovina,44.4,9.5,2.4,0.5,0.1,0.0,1598,UEFA,B
2026-06-19T12:00,Cabo Verde,37.9,4.6,1.0,0.1,0.0,0.0,1529,CAF,H
2026-06-19T12:00,Saudi Arabia,52.6,9.7,2.9,0.7,0.2,0.0,1640,AFC,H
2026-06-19T12:00,Jordan,15.7,4.2,1.3,0.4,0.1,0.0,1650,AFC,J
2026-06-19T12:00,Qatar,29.3,4.7,1.0,0.2,0.0,0.0,1522,AFC,B
2026-06-19T12:00,New Zealand,34.5,7.3,1.3,0.2,0.0,0.0,1550,OFC,G
2026-06-19T12:00,Tunisia,11.2,2.7,0.8,0.2,0.0,0.0,1627,CAF,F
2026-06-19T12:00,Czechia,20.5,8.4,2.8,0.6,0.2,0.0,1713,UEFA,A
2026-06-19T12:00,South Africa,18.3,4.8,0.9,0.2,0.0,0.0,1557,CAF,A
2026-06-19T12:00,Panama,8.6,1.5,0.3,0.0,0.0,0.0,1573,CONCACAF,L
2026-06-19T12:00,Curaçao,4.5,0.5,0.1,0.0,0.0,0.0,1432,CONCACAF,E
2026-06-20T12:00,Argentina,99.8,74.6,61.1,42.9,27.7,17.5,2128,CONMEBOL,J
2026-06-20T12:00,Spain,96.0,70.0,54.1,40.1,27.5,17.2,2142,UEFA,H
2026-06-20T12:00,France,99.8,79.4,56.8,37.8,21.6,12.2,2085,UEFA,I
2026-06-20T12:00,England,99.9,76.4,52.8,33.7,19.3,10.8,2073,UEFA,L
2026-06-20T12:00,Colombia,98.6,69.4,44.5,22.7,11.9,6.2,2009,CONMEBOL,K
2026-06-20T12:00,United States,100.0,75.2,49.2,22.2,11.5,5.0,1900,CONCACAF,D
2026-06-20T12:00,Brazil,100.0,59.0,34.6,17.9,8.4,4.2,1975,CONMEBOL,C
2026-06-20T12:00,Norway,97.8,62.7,34.3,16.6,7.2,2.9,1938,UEFA,I
2026-06-20T12:00,Netherlands,91.1,50.0,29.6,14.4,6.7,2.8,1952,UEFA,F
2026-06-20T12:00,Portugal,82.4,50.6,26.6,13.6,6.4,2.7,1957,UEFA,K
2026-06-20T12:00,Mexico,100.0,63.8,25.7,12.0,5.0,2.1,1848,CONCACAF,A
2026-06-20T12:00,Germany,99.7,59.7,25.1,12.7,5.4,1.9,1918,UEFA,E
2026-06-20T12:00,Japan,86.1,41.4,21.4,9.4,4.1,1.6,1886,AFC,F
2026-06-20T12:00,Morocco,100.0,49.2,25.7,10.6,4.2,1.6,1881,CAF,C
2026-06-20T12:00,Switzerland,100.0,64.2,29.4,11.7,4.4,1.6,1893,UEFA,B
2026-06-20T12:00,Croatia,83.0,40.4,15.8,7.4,3.2,1.2,1902,UEFA,L
2026-06-20T12:00,Ecuador,82.1,39.0,18.2,7.4,3.1,1.2,1885,CONMEBOL,E
2026-06-20T12:00,Uruguay,78.7,29.6,15.4,7.2,2.9,1.0,1870,CONMEBOL,H
2026-06-20T12:00,Belgium,84.1,46.1,17.4,6.2,2.3,0.9,1838,UEFA,G
2026-06-20T12:00,Senegal,61.6,29.7,13.6,5.3,2.1,0.7,1847,CAF,I
2026-06-20T12:00,Austria,92.7,32.0,15.1,6.1,2.2,0.7,1830,UEFA,J
2026-06-20T12:00,Canada,100.0,53.1,19.1,6.2,2.0,0.7,1733,CONCACAF,B
2026-06-20T12:00,South Korea,92.3,41.8,15.1,4.8,1.7,0.5,1783,AFC,A
2026-06-20T12:00,Iran,65.9,31.9,10.3,3.4,1.1,0.4,1780,AFC,G
2026-06-20T12:00,Australia,87.9,40.5,10.2,4.0,1.2,0.3,1776,AFC,D
2026-06-20T12:00,Côte d'Ivoire,97.0,33.6,10.0,3.4,1.0,0.3,1738,CAF,E
2026-06-20T12:00,Paraguay,74.0,28.7,7.6,2.8,0.9,0.3,1762,CONMEBOL,D
2026-06-20T12:00,Sweden,95.4,31.5,11.2,3.5,1.0,0.3,1753,UEFA,F
2026-06-20T12:00,Algeria,51.6,17.4,7.0,2.5,0.9,0.3,1785,CAF,J
2026-06-20T12:00,Egypt,74.1,31.3,8.5,2.5,0.7,0.2,1731,CAF,G
2026-06-20T12:00,DR Congo,59.5,19.2,6.4,2.2,0.7,0.2,1739,CAF,K
2026-06-20T12:00,Scotland,75.2,22.2,6.4,1.8,0.5,0.1,1724,UEFA,C
2026-06-20T12:00,Türkiye,8.3,2.2,1.0,0.3,0.1,0.1,1781,UEFA,D
2026-06-20T12:00,South Africa,17.2,4.4,0.9,0.2,0.0,0.0,1557,CAF,A
2026-06-20T12:00,Jordan,15.9,4.5,1.5,0.3,0.1,0.0,1650,AFC,J
2026-06-20T12:00,Czechia,20.6,8.3,2.6,0.5,0.1,0.0,1713,UEFA,A
2026-06-20T12:00,Uzbekistan,26.2,5.8,1.5,0.4,0.1,0.0,1649,AFC,K
2026-06-20T12:00,Panama,9.0,1.7,0.5,0.1,0.0,0.0,1573,CONCACAF,L
2026-06-20T12:00,Qatar,28.7,4.2,0.8,0.2,0.1,0.0,1522,AFC,B
2026-06-20T12:00,Curaçao,5.1,0.6,0.1,0.0,0.0,0.0,1432,CONCACAF,E
2026-06-20T12:00,Bosnia & Herzegovina,43.9,8.3,2.2,0.4,0.1,0.0,1598,UEFA,B
2026-06-20T12:00,Iraq,9.1,2.6,0.5,0.2,0.0,0.0,1604,AFC,I
2026-06-20T12:00,Haiti,1.3,0.2,0.0,0.0,0.0,0.0,1499,CONCACAF,C
2026-06-20T12:00,Cabo Verde,38.3,4.6,0.9,0.1,0.0,0.0,1529,CAF,H
2026-06-20T12:00,Saudi Arabia,52.2,10.2,2.7,0.8,0.2,0.0,1640,AFC,H
2026-06-20T12:00,New Zealand,36.6,9.2,1.5,0.2,0.1,0.0,1550,OFC,G
2026-06-20T12:00,Tunisia,11.3,2.9,0.7,0.1,0.0,0.0,1627,CAF,F
2026-06-20T12:00,Ghana,69.8,16.6,4.6,1.0,0.2,0.0,1667,CAF,L
2026-06-21T12:00,Argentina,99.9,74.1,60.5,42.6,27.1,17.0,2128,CONMEBOL,J
2026-06-21T12:00,Spain,96.3,69.7,53.4,40.2,27.1,16.8,2142,UEFA,H
2026-06-21T12:00,France,99.8,83.3,57.0,37.7,21.8,12.4,2085,UEFA,I
2026-06-21T12:00,England,99.8,75.7,53.1,33.2,18.6,10.2,2073,UEFA,L
2026-06-21T12:00,Colombia,98.9,69.8,45.0,23.1,12.1,6.4,2009,CONMEBOL,K
2026-06-21T12:00,United States,100.0,76.9,50.6,22.5,11.1,4.7,1900,CONCACAF,D
2026-06-21T12:00,Netherlands,100.0,58.5,38.2,19.0,9.1,4.5,1979,UEFA,F
2026-06-21T12:00,Brazil,100.0,55.2,33.4,17.2,8.1,3.6,1975,CONMEBOL,C
2026-06-21T12:00,Norway,98.4,68.2,35.6,17.4,7.8,3.4,1938,UEFA,I
2026-06-21T12:00,Germany,100.0,71.6,30.2,16.0,6.9,2.8,1934,UEFA,E
2026-06-21T12:00,Portugal,83.5,50.7,27.1,13.5,6.2,2.6,1957,UEFA,K
2026-06-21T12:00,Mexico,100.0,65.1,26.2,11.9,5.0,2.1,1848,CONCACAF,A
2026-06-21T12:00,Japan,100.0,47.9,25.2,11.1,4.7,2.1,1906,AFC,F
2026-06-21T12:00,Switzerland,100.0,64.4,28.6,11.5,4.9,1.8,1893,UEFA,B
2026-06-21T12:00,Croatia,84.2,41.5,17.0,8.0,3.7,1.5,1902,UEFA,L
2026-06-21T12:00,Morocco,100.0,43.6,23.4,9.5,4.0,1.5,1881,CAF,C
2026-06-21T12:00,Uruguay,78.5,30.7,16.6,7.7,3.2,1.2,1870,CONMEBOL,H
2026-06-21T12:00,Senegal,64.0,33.8,14.8,5.8,2.5,0.9,1847,CAF,I
2026-06-21T12:00,Belgium,85.1,47.2,17.6,6.5,2.2,0.6,1838,UEFA,G
2026-06-21T12:00,Austria,94.0,32.2,15.0,5.8,2.1,0.5,1830,UEFA,J
2026-06-21T12:00,Canada,100.0,54.0,18.2,5.6,1.7,0.5,1733,CONCACAF,B
2026-06-21T12:00,Australia,90.4,40.9,10.4,3.5,1.0,0.4,1776,AFC,D
2026-06-21T12:00,Iran,65.7,31.6,10.6,3.1,1.2,0.4,1780,AFC,G
2026-06-21T12:00,Ecuador,30.8,13.6,6.3,2.5,1.1,0.4,1859,CONMEBOL,E
2026-06-21T12:00,South Korea,93.2,42.4,14.0,4.4,1.3,0.4,1783,AFC,A
2026-06-21T12:00,Algeria,51.7,18.0,7.5,2.8,0.9,0.3,1785,CAF,J
2026-06-21T12:00,Egypt,74.7,31.5,8.6,2.5,0.7,0.2,1731,CAF,G
2026-06-21T12:00,DR Congo,59.2,19.3,6.2,2.1,0.6,0.2,1739,CAF,K
2026-06-21T12:00,Paraguay,77.7,28.6,7.4,2.6,0.7,0.2,1762,CONMEBOL,D
2026-06-21T12:00,Sweden,91.4,25.8,7.6,2.0,0.5,0.2,1726,UEFA,F
2026-06-21T12:00,Côte d'Ivoire,93.5,24.3,6.9,1.8,0.4,0.1,1722,CAF,E
2026-06-21T12:00,Scotland,81.2,21.8,5.7,1.5,0.3,0.1,1724,UEFA,C
2026-06-21T12:00,Ghana,73.7,17.4,5.1,1.2,0.3,0.1,1667,CAF,L
2026-06-21T12:00,South Africa,17.7,4.3,0.7,0.1,0.0,0.0,1557,CAF,A
2026-06-21T12:00,Czechia,22.2,8.9,2.6,0.7,0.2,0.0,1713,UEFA,A
2026-06-21T12:00,Jordan,18.2,4.9,1.5,0.4,0.1,0.0,1650,AFC,J
2026-06-21T12:00,Uzbekistan,27.7,6.4,1.7,0.5,0.2,0.0,1649,AFC,K
2026-06-21T12:00,Qatar,28.8,4.0,0.8,0.1,0.0,0.0,1522,AFC,B
2026-06-21T12:00,Panama,10.3,1.9,0.5,0.1,0.0,0.0,1573,CONCACAF,L
2026-06-21T12:00,Curaçao,15.1,1.6,0.2,0.0,0.0,0.0,1458,CONCACAF,E
2026-06-21T12:00,Bosnia & Herzegovina,44.4,8.3,2.1,0.4,0.0,0.0,1598,UEFA,B
2026-06-21T12:00,Iraq,10.7,3.0,0.7,0.2,0.0,0.0,1604,AFC,I
2026-06-21T12:00,Cabo Verde,39.7,4.8,1.0,0.2,0.0,0.0,1529,CAF,H
2026-06-21T12:00,Saudi Arabia,52.6,10.2,2.8,0.7,0.1,0.0,1640,AFC,H
2026-06-21T12:00,Türkiye,8.4,2.3,0.9,0.4,0.1,0.0,1781,UEFA,D
2026-06-21T12:00,New Zealand,37.0,9.6,1.4,0.2,0.0,0.0,1550,OFC,G
2026-06-21T12:00,Tunisia,0.0,0.0,0.0,0.0,0.0,0.0,1606,CAF,F
2026-06-21T12:00,Haiti,1.5,0.3,0.0,0.0,0.0,0.0,1499,CONCACAF,C
2026-06-22T12:00,Argentina,99.9,82.6,67.2,47.2,31.0,18.7,2128,CONMEBOL,J
2026-06-22T12:00,Spain,100.0,76.3,57.8,43.4,29.5,17.8,2148,UEFA,H
2026-06-22T12:00,France,99.8,82.2,56.4,37.2,20.8,11.8,2085,UEFA,I
2026-06-22T12:00,England,99.9,75.7,53.3,33.4,18.6,10.2,2073,UEFA,L
2026-06-22T12:00,Colombia,98.7,70.0,44.9,22.6,11.9,6.3,2009,CONMEBOL,K
2026-06-22T12:00,United States,100.0,77.9,51.3,21.2,10.5,4.7,1900,CONCACAF,D
2026-06-22T12:00,Netherlands,100.0,58.0,38.4,18.7,8.8,4.1,1979,UEFA,F
2026-06-22T12:00,Brazil,100.0,57.2,34.0,17.2,7.9,3.7,1975,CONMEBOL,C
2026-06-22T12:00,Norway,98.6,67.6,35.3,16.5,6.8,2.8,1938,UEFA,I
2026-06-22T12:00,Portugal,84.4,51.2,26.0,13.3,6.3,2.7,1957,UEFA,K
2026-06-22T12:00,Germany,100.0,71.9,30.6,16.4,6.7,2.4,1934,UEFA,E
2026-06-22T12:00,Mexico,100.0,64.7,25.0,12.0,5.1,2.0,1848,CONCACAF,A
2026-06-22T12:00,Japan,100.0,46.4,24.6,11.2,4.5,1.8,1906,AFC,F
2026-06-22T12:00,Morocco,100.0,43.4,23.4,9.8,3.9,1.6,1881,CAF,C
2026-06-22T12:00,Switzerland,100.0,63.8,28.2,11.2,4.1,1.5,1893,UEFA,B
2026-06-22T12:00,Croatia,84.5,42.4,15.4,7.7,3.5,1.4,1902,UEFA,L
2026-06-22T12:00,Senegal,65.0,34.0,14.8,5.1,1.8,0.7,1847,CAF,I
2026-06-22T12:00,Belgium,87.2,47.5,15.5,5.8,2.1,0.7,1833,UEFA,G
2026-06-22T12:00,Canada,100.0,53.2,17.6,5.6,1.8,0.7,1733,CONCACAF,B
2026-06-22T12:00,Austria,94.6,30.8,14.6,6.0,2.2,0.6,1830,UEFA,J
2026-06-22T12:00,Uruguay,37.1,16.7,8.0,3.4,1.5,0.5,1848,CONMEBOL,H
2026-06-22T12:00,Australia,91.6,39.3,10.3,3.5,1.2,0.5,1776,AFC,D
2026-06-22T12:00,South Korea,94.4,43.4,14.4,4.8,1.5,0.4,1783,AFC,A
2026-06-22T12:00,Iran,70.0,32.4,11.1,3.8,1.3,0.4,1785,AFC,G
2026-06-22T12:00,Ecuador,31.4,14.2,6.7,2.7,1.2,0.4,1859,CONMEBOL,E
2026-06-22T12:00,Sweden,93.2,25.9,8.0,2.2,0.6,0.2,1726,UEFA,F
2026-06-22T12:00,Egypt,100.0,41.6,12.6,3.0,0.9,0.2,1754,CAF,G
2026-06-22T12:00,Algeria,54.0,17.2,7.1,2.5,0.8,0.2,1785,CAF,J
2026-06-22T12:00,DR Congo,60.6,19.4,6.1,2.0,0.5,0.2,1739,CAF,K
2026-06-22T12:00,Paraguay,79.9,28.2,7.5,2.4,0.6,0.2,1762,CONMEBOL,D
2026-06-22T12:00,Scotland,83.1,22.3,6.1,1.7,0.4,0.1,1724,UEFA,C
2026-06-22T12:00,Côte d'Ivoire,93.8,24.4,6.8,1.8,0.4,0.1,1722,CAF,E
2026-06-22T12:00,South Africa,17.5,4.1,0.8,0.1,0.0,0.0,1557,CAF,A
2026-06-22T12:00,Czechia,22.3,9.3,2.8,0.6,0.2,0.0,1713,UEFA,A
2026-06-22T12:00,Panama,9.8,1.9,0.6,0.2,0.0,0.0,1573,CONCACAF,L
2026-06-22T12:00,Uzbekistan,27.5,6.4,1.5,0.4,0.1,0.0,1649,AFC,K
2026-06-22T12:00,Qatar,29.7,3.8,0.8,0.1,0.0,0.0,1522,AFC,B
2026-06-22T12:00,Jordan,18.4,5.0,1.7,0.3,0.1,0.0,1650,AFC,J
2026-06-22T12:00,Haiti,1.4,0.2,0.0,0.0,0.0,0.0,1499,CONCACAF,C
2026-06-22T12:00,Bosnia & Herzegovina,44.0,7.7,2.1,0.4,0.0,0.0,1598,UEFA,B
2026-06-22T12:00,Iraq,11.2,3.4,0.9,0.2,0.0,0.0,1604,AFC,I
2026-06-22T12:00,Curaçao,15.6,1.6,0.2,0.0,0.0,0.0,1458,CONCACAF,E
2026-06-22T12:00,Cabo Verde,57.6,5.7,1.5,0.2,0.0,0.0,1551,CAF,H
2026-06-22T12:00,Saudi Arabia,44.0,5.8,2.1,0.7,0.1,0.0,1634,AFC,H
2026-06-22T12:00,New Zealand,13.1,3.1,0.4,0.1,0.0,0.0,1526,OFC,G
2026-06-22T12:00,Tunisia,0.0,0.0,0.0,0.0,0.0,0.0,1606,CAF,F
2026-06-22T12:00,Türkiye,9.0,2.8,1.0,0.4,0.1,0.0,1781,UEFA,D
2026-06-22T12:00,Ghana,77.3,17.4,4.6,1.0,0.2,0.0,1667,CAF,L
2026-06-23T12:00,Argentina,100.0,88.9,73.2,52.4,34.0,20.6,2142,CONMEBOL,J
2026-06-23T12:00,Spain,100.0,79.1,59.8,45.2,30.1,18.3,2148,UEFA,H
2026-06-23T12:00,France,100.0,83.3,58.5,38.9,22.3,12.0,2091,UEFA,I
2026-06-23T12:00,England,99.9,76.1,52.9,32.3,17.5,9.7,2073,UEFA,L
2026-06-23T12:00,Colombia,98.9,70.4,44.7,21.2,11.2,5.6,2009,CONMEBOL,K
2026-06-23T12:00,United States,100.0,78.2,51.7,21.3,10.5,4.6,1900,CONCACAF,D
2026-06-23T12:00,Brazil,100.0,55.2,32.0,16.0,7.2,3.7,1975,CONMEBOL,C
2026-06-23T12:00,Netherlands,100.0,58.5,38.2,18.7,8.7,3.7,1979,UEFA,F
2026-06-23T12:00,Norway,100.0,74.4,39.5,19.6,8.5,3.6,1960,UEFA,I
2026-06-23T12:00,Germany,100.0,71.4,28.4,14.8,6.3,2.6,1934,UEFA,E
2026-06-23T12:00,Portugal,83.9,51.1,26.0,13.0,6.0,2.5,1957,UEFA,K
2026-06-23T12:00,Mexico,100.0,64.7,26.2,12.3,4.6,2.0,1848,CONCACAF,A
2026-06-23T12:00,Japan,100.0,47.9,24.8,11.0,4.4,1.9,1906,AFC,F
2026-06-23T12:00,Morocco,100.0,43.4,22.6,9.6,3.9,1.7,1881,CAF,C
2026-06-23T12:00,Switzerland,100.0,64.1,28.1,10.0,3.9,1.4,1893,UEFA,B
2026-06-23T12:00,Croatia,84.0,41.5,16.3,8.0,3.2,1.2,1902,UEFA,L
2026-06-23T12:00,Uruguay,36.7,16.1,7.8,3.3,1.3,0.5,1848,CONMEBOL,H
2026-06-23T12:00,South Korea,94.3,43.6,14.7,4.7,1.4,0.5,1783,AFC,A
2026-06-23T12:00,Belgium,87.9,48.0,14.2,5.3,1.9,0.5,1833,UEFA,G
2026-06-23T12:00,Senegal,55.3,24.7,10.8,3.4,1.2,0.4,1824,CAF,I
2026-06-23T12:00,Iran,69.4,33.0,10.8,3.3,1.2,0.4,1785,AFC,G
2026-06-23T12:00,Canada,100.0,53.0,17.6,4.8,1.5,0.4,1733,CONCACAF,B
2026-06-23T12:00,Algeria,83.4,26.5,11.1,3.6,1.3,0.4,1804,CAF,J
2026-06-23T12:00,Australia,92.0,38.9,8.9,3.4,1.0,0.4,1776,AFC,D
2026-06-23T12:00,Egypt,100.0,42.2,13.2,3.6,1.2,0.3,1754,CAF,G
2026-06-23T12:00,Ecuador,29.9,13.7,6.8,2.6,1.0,0.3,1859,CONMEBOL,E
2026-06-23T12:00,Austria,94.5,25.4,10.3,3.5,1.1,0.3,1816,UEFA,J
2026-06-23T12:00,Paraguay,79.8,28.3,7.0,2.6,0.8,0.2,1762,CONMEBOL,D
2026-06-23T12:00,Côte d'Ivoire,94.4,22.3,6.6,1.8,0.5,0.2,1722,CAF,E
2026-06-23T12:00,Sweden,93.5,26.6,7.8,2.1,0.5,0.1,1726,UEFA,F
2026-06-23T12:00,DR Congo,59.9,19.0,6.0,1.9,0.5,0.1,1739,CAF,K
2026-06-23T12:00,Scotland,83.4,21.6,5.6,1.5,0.4,0.1,1724,UEFA,C
2026-06-23T12:00,South Africa,17.9,4.3,0.7,0.2,0.0,0.0,1557,CAF,A
2026-06-23T12:00,Czechia,22.3,9.0,2.7,0.6,0.1,0.0,1713,UEFA,A
2026-06-23T12:00,Panama,10.3,1.5,0.3,0.0,0.0,0.0,1573,CONCACAF,L
2026-06-23T12:00,Uzbekistan,27.7,6.2,1.6,0.4,0.1,0.0,1649,AFC,K
2026-06-23T12:00,Qatar,29.4,3.7,0.7,0.1,0.0,0.0,1522,AFC,B
2026-06-23T12:00,Jordan,2.2,0.6,0.2,0.0,0.0,0.0,1631,AFC,J
2026-06-23T12:00,Curaçao,14.8,1.5,0.3,0.0,0.0,0.0,1458,CONCACAF,E
2026-06-23T12:00,Bosnia & Herzegovina,44.1,7.2,1.9,0.4,0.1,0.0,1598,UEFA,B
2026-06-23T12:00,Iraq,7.6,1.7,0.4,0.1,0.0,0.0,1598,AFC,I
2026-06-23T12:00,Haiti,1.8,0.2,0.1,0.0,0.0,0.0,1499,CONCACAF,C
2026-06-23T12:00,Cabo Verde,56.7,4.4,1.1,0.2,0.1,0.0,1551,CAF,H
2026-06-23T12:00,Saudi Arabia,44.6,4.4,1.5,0.5,0.1,0.0,1634,AFC,H
2026-06-23T12:00,New Zealand,12.5,2.8,0.3,0.0,0.0,0.0,1526,OFC,G
2026-06-23T12:00,Türkiye,9.7,2.6,1.0,0.4,0.1,0.0,1781,UEFA,D
2026-06-23T12:00,Tunisia,0.0,0.0,0.0,0.0,0.0,0.0,1606,CAF,F
2026-06-23T12:00,Ghana,77.6,18.4,5.0,1.2,0.3,0.0,1667,CAF,L
2026-06-24T12:00,Argentina,100.0,88.7,73.4,50.7,33.7,20.6,2142,CONMEBOL,J
2026-06-24T12:00,Spain,100.0,78.0,56.6,42.6,28.8,17.5,2148,UEFA,H
2026-06-24T12:00,France,100.0,82.9,58.4,39.2,22.2,11.8,2091,UEFA,I
2026-06-24T12:00,England,100.0,75.5,50.6,30.9,16.0,8.6,2049,UEFA,L
2026-06-24T12:00,Colombia,100.0,73.2,45.7,22.5,12.6,6.4,2020,CONMEBOL,K
2026-06-24T12:00,United States,100.0,77.4,51.3,20.9,10.7,4.7,1900,CONCACAF,D
2026-06-24T12:00,Netherlands,100.0,58.7,38.0,18.4,8.3,3.8,1979,UEFA,F
2026-06-24T12:00,Brazil,100.0,55.3,32.2,17.5,7.9,3.8,1975,CONMEBOL,C
2026-06-24T12:00,Norway,100.0,74.0,39.6,20.3,8.7,3.7,1960,UEFA,I
2026-06-24T12:00,Portugal,100.0,64.4,31.8,16.2,7.7,3.4,1975,UEFA,K
2026-06-24T12:00,Germany,100.0,70.5,28.0,15.2,6.2,2.6,1934,UEFA,E
2026-06-24T12:00,Mexico,100.0,65.1,27.7,12.6,4.5,1.8,1848,CONCACAF,A
2026-06-24T12:00,Japan,100.0,46.8,24.6,11.0,4.4,1.8,1906,AFC,F
2026-06-24T12:00,Morocco,100.0,44.4,23.7,9.7,3.8,1.5,1881,CAF,C
2026-06-24T12:00,Switzerland,100.0,63.5,26.9,9.8,3.7,1.4,1893,UEFA,B
2026-06-24T12:00,Croatia,95.0,41.1,18.7,8.4,3.3,1.3,1910,UEFA,L
2026-06-24T12:00,Canada,100.0,52.7,17.0,4.9,1.6,0.6,1733,CONCACAF,B
2026-06-24T12:00,Austria,93.3,25.2,9.5,3.7,1.3,0.5,1816,UEFA,J
2026-06-24T12:00,South Korea,93.9,43.2,15.2,4.7,1.4,0.5,1783,AFC,A
2026-06-24T12:00,Senegal,54.7,24.8,10.9,3.7,1.4,0.4,1824,CAF,I
2026-06-24T12:00,Algeria,83.0,27.1,10.6,3.8,1.3,0.4,1804,CAF,J
2026-06-24T12:00,Belgium,87.0,47.2,14.7,5.1,1.7,0.4,1833,UEFA,G
2026-06-24T12:00,Australia,91.2,38.9,8.8,3.1,1.1,0.4,1776,AFC,D
2026-06-24T12:00,Ecuador,30.3,13.7,6.5,2.6,1.0,0.4,1859,CONMEBOL,E
2026-06-24T12:00,Iran,68.4,32.1,10.4,3.1,1.0,0.3,1785,AFC,G
2026-06-24T12:00,Egypt,100.0,43.6,12.8,3.4,1.0,0.3,1754,CAF,G
2026-06-24T12:00,Uruguay,35.7,16.5,7.8,3.2,1.3,0.3,1848,CONMEBOL,H
2026-06-24T12:00,Paraguay,78.4,27.3,6.4,2.2,0.6,0.2,1762,CONMEBOL,D
2026-06-24T12:00,Sweden,93.2,26.7,7.8,1.9,0.5,0.2,1726,UEFA,F
2026-06-24T12:00,Ghana,99.9,20.6,5.7,1.4,0.4,0.1,1691,CAF,L
2026-06-24T12:00,DR Congo,49.0,11.0,4.2,1.3,0.3,0.1,1728,CAF,K
2026-06-24T12:00,Scotland,82.2,22.2,6.3,1.7,0.4,0.1,1724,UEFA,C
2026-06-24T12:00,Côte d'Ivoire,93.3,23.0,6.6,2.0,0.4,0.1,1722,CAF,E
2026-06-24T12:00,Bosnia & Herzegovina,43.8,7.4,1.8,0.2,0.0,0.0,1598,UEFA,B
2026-06-24T12:00,Uzbekistan,9.2,1.5,0.5,0.1,0.0,0.0,1631,AFC,K
2026-06-24T12:00,South Africa,17.5,4.4,0.8,0.1,0.0,0.0,1557,CAF,A
2026-06-24T12:00,Panama,1.0,0.1,0.0,0.0,0.0,0.0,1566,CONCACAF,L
2026-06-24T12:00,Qatar,29.1,3.8,0.9,0.1,0.0,0.0,1522,AFC,B
2026-06-24T12:00,Czechia,21.2,8.6,2.8,0.6,0.2,0.0,1713,UEFA,A
2026-06-24T12:00,Tunisia,0.0,0.0,0.0,0.0,0.0,0.0,1606,CAF,F
2026-06-24T12:00,Jordan,2.1,0.7,0.2,0.0,0.0,0.0,1631,AFC,J
2026-06-24T12:00,Haiti,1.3,0.1,0.0,0.0,0.0,0.0,1499,CONCACAF,C
2026-06-24T12:00,Türkiye,9.2,2.7,0.9,0.4,0.1,0.0,1781,UEFA,D
2026-06-24T12:00,Cabo Verde,56.6,4.2,1.0,0.2,0.1,0.0,1551,CAF,H
2026-06-24T12:00,Saudi Arabia,44.4,4.6,1.6,0.5,0.1,0.0,1634,AFC,H
2026-06-24T12:00,New Zealand,13.0,3.2,0.3,0.0,0.0,0.0,1526,OFC,G
2026-06-24T12:00,Curaçao,15.6,1.6,0.2,0.0,0.0,0.0,1458,CONCACAF,E
2026-06-24T12:00,Iraq,7.4,1.7,0.4,0.1,0.0,0.0,1598,AFC,I
2026-06-25T12:00,Argentina,100.0,88.7,73.8,50.2,33.2,20.3,2142,CONMEBOL,J
2026-06-25T12:00,Spain,100.0,77.4,56.0,42.8,28.5,17.3,2148,UEFA,H
2026-06-25T12:00,France,100.0,83.0,58.3,40.2,23.1,12.9,2091,UEFA,I
2026-06-25T12:00,England,100.0,74.0,47.2,27.8,14.4,7.6,2049,UEFA,L
2026-06-25T12:00,Colombia,100.0,73.0,44.7,21.7,11.8,6.2,2020,CONMEBOL,K
2026-06-25T12:00,United States,100.0,79.2,54.2,22.0,10.7,4.4,1900,CONCACAF,D
2026-06-25T12:00,Brazil,100.0,59.9,34.4,18.2,8.0,4.0,1995,CONMEBOL,C
2026-06-25T12:00,Netherlands,100.0,56.1,39.5,19.2,9.0,3.7,1979,UEFA,F
2026-06-25T12:00,Norway,100.0,74.4,37.8,19.7,8.4,3.6,1960,UEFA,I
2026-06-25T12:00,Portugal,100.0,64.9,31.6,16.4,7.9,3.4,1975,UEFA,K
2026-06-25T12:00,Mexico,100.0,67.2,31.9,15.4,6.0,2.7,1881,CONCACAF,A
2026-06-25T12:00,Germany,100.0,73.2,28.7,15.4,6.4,2.4,1934,UEFA,E
2026-06-25T12:00,Japan,100.0,43.7,24.6,10.8,4.4,2.0,1906,AFC,F
2026-06-25T12:00,Morocco,100.0,42.2,28.8,11.7,4.5,1.8,1890,CAF,C
2026-06-25T12:00,Switzerland,100.0,65.9,27.8,10.2,4.3,1.7,1910,UEFA,B
2026-06-25T12:00,Croatia,94.2,40.6,17.6,8.0,3.2,1.2,1910,UEFA,L
2026-06-25T12:00,Belgium,87.2,46.9,13.9,4.5,1.8,0.6,1833,UEFA,G
2026-06-25T12:00,Canada,100.0,69.8,22.7,6.7,2.2,0.6,1716,CONCACAF,B
2026-06-25T12:00,Uruguay,33.2,14.3,6.7,3.4,1.4,0.5,1848,CONMEBOL,H
2026-06-25T12:00,Ecuador,29.0,12.2,5.2,2.1,0.9,0.4,1859,CONMEBOL,E
2026-06-25T12:00,Algeria,76.8,22.2,8.7,3.2,1.3,0.4,1804,CAF,J
2026-06-25T12:00,Australia,90.6,38.8,8.5,3.0,1.0,0.3,1776,AFC,D
2026-06-25T12:00,Austria,92.9,23.4,8.7,3.3,1.4,0.3,1816,UEFA,J
2026-06-25T12:00,Iran,67.2,31.1,9.6,3.0,1.0,0.3,1785,AFC,G
2026-06-25T12:00,Egypt,100.0,43.4,13.7,3.7,1.0,0.3,1754,CAF,G
2026-06-25T12:00,Senegal,53.8,20.8,8.5,3.0,0.9,0.3,1824,CAF,I
2026-06-25T12:00,South Korea,91.8,37.1,12.0,2.8,0.9,0.2,1736,AFC,A
2026-06-25T12:00,Paraguay,73.8,26.2,6.1,2.3,0.7,0.2,1762,CONMEBOL,D
2026-06-25T12:00,Côte d'Ivoire,94.0,22.1,6.0,1.5,0.4,0.1,1722,CAF,E
2026-06-25T12:00,DR Congo,46.1,10.5,3.5,1.1,0.3,0.1,1728,CAF,K
2026-06-25T12:00,Ghana,100.0,20.5,5.3,1.4,0.3,0.1,1691,CAF,L
2026-06-25T12:00,Sweden,91.0,22.9,6.8,1.8,0.4,0.1,1726,UEFA,F
2026-06-25T12:00,Cabo Verde,56.2,4.3,1.1,0.2,0.0,0.0,1551,CAF,H
2026-06-25T12:00,Qatar,0.0,0.0,0.0,0.0,0.0,0.0,1487,AFC,B
2026-06-25T12:00,Panama,1.1,0.1,0.0,0.0,0.0,0.0,1566,CONCACAF,L
2026-06-25T12:00,South Africa,100.0,30.2,5.2,0.9,0.2,0.0,1604,CAF,A
2026-06-25T12:00,Czechia,0.0,0.0,0.0,0.0,0.0,0.0,1680,UEFA,A
2026-06-25T12:00,Curaçao,14.9,1.3,0.2,0.0,0.0,0.0,1458,CONCACAF,E
2026-06-25T12:00,Uzbekistan,2.3,0.4,0.1,0.0,0.0,0.0,1631,AFC,K
2026-06-25T12:00,Türkiye,9.9,2.9,1.1,0.4,0.1,0.0,1781,UEFA,D
2026-06-25T12:00,Jordan,2.3,0.5,0.2,0.0,0.0,0.0,1631,AFC,J
2026-06-25T12:00,Saudi Arabia,43.8,4.6,1.6,0.3,0.1,0.0,1634,AFC,H
2026-06-25T12:00,Tunisia,0.0,0.0,0.0,0.0,0.0,0.0,1606,CAF,F
2026-06-25T12:00,Bosnia & Herzegovina,100.0,18.3,5.4,0.8,0.2,0.0,1633,UEFA,B
2026-06-25T12:00,Iraq,2.9,0.6,0.2,0.0,0.0,0.0,1598,AFC,I
2026-06-25T12:00,Scotland,32.1,8.1,1.8,0.5,0.1,0.0,1704,UEFA,C
2026-06-25T12:00,New Zealand,12.8,2.8,0.3,0.0,0.0,0.0,1526,OFC,G
2026-06-25T12:00,Haiti,0.0,0.0,0.0,0.0,0.0,0.0,1490,CONCACAF,C
2026-06-26T12:00,Argentina,100.0,88.8,74.0,50.9,33.6,20.8,2142,CONMEBOL,J
2026-06-26T12:00,Spain,100.0,78.8,57.0,44.2,29.3,18.4,2148,UEFA,H
2026-06-26T12:00,France,100.0,82.9,59.7,40.2,22.8,12.6,2091,UEFA,I
2026-06-26T12:00,England,100.0,71.3,45.3,27.4,14.0,7.3,2049,UEFA,L
2026-06-26T12:00,Colombia,100.0,74.1,44.1,21.2,11.4,5.8,2020,CONMEBOL,K
2026-06-26T12:00,Netherlands,100.0,61.0,46.8,23.5,11.1,4.9,1989,UEFA,F
2026-06-26T12:00,Brazil,100.0,61.2,35.3,18.2,8.2,4.1,1995,CONMEBOL,C
2026-06-26T12:00,Portugal,100.0,65.4,30.7,16.5,8.0,3.4,1975,UEFA,K
2026-06-26T12:00,Norway,100.0,74.0,39.1,19.4,8.2,3.3,1960,UEFA,I
2026-06-26T12:00,United States,100.0,76.9,46.5,16.8,8.1,2.9,1860,CONCACAF,D
2026-06-26T12:00,Mexico,100.0,63.5,29.1,14.4,6.1,2.8,1881,CONCACAF,A
2026-06-26T12:00,Switzerland,100.0,64.3,28.3,10.3,4.3,1.7,1910,UEFA,B
2026-06-26T12:00,Germany,100.0,68.1,24.0,11.6,4.4,1.6,1897,UEFA,E
2026-06-26T12:00,Morocco,100.0,39.0,26.4,11.4,4.4,1.6,1890,CAF,C
2026-06-26T12:00,Ecuador,100.0,46.4,23.0,9.8,3.8,1.5,1895,CONMEBOL,E
2026-06-26T12:00,Japan,100.0,38.8,18.2,7.8,3.2,1.3,1892,AFC,F
2026-06-26T12:00,Croatia,89.4,38.4,16.3,7.6,3.2,1.0,1910,UEFA,L
2026-06-26T12:00,Algeria,68.3,20.8,8.1,3.2,1.3,0.5,1804,CAF,J
2026-06-26T12:00,Belgium,87.0,46.2,14.6,5.0,1.7,0.5,1833,UEFA,G
2026-06-26T12:00,Australia,100.0,48.8,9.2,3.4,1.2,0.5,1775,AFC,D
2026-06-26T12:00,Canada,100.0,69.0,21.0,6.8,2.0,0.4,1716,CONCACAF,B
2026-06-26T12:00,Austria,84.1,20.2,7.7,3.1,1.1,0.4,1816,UEFA,J
2026-06-26T12:00,Iran,66.1,30.6,10.4,3.1,1.2,0.4,1785,AFC,G
2026-06-26T12:00,Uruguay,31.6,14.6,6.7,3.0,1.4,0.4,1848,CONMEBOL,H
2026-06-26T12:00,Senegal,40.4,16.4,6.4,2.3,0.9,0.3,1824,CAF,I
2026-06-26T12:00,Paraguay,99.8,25.1,9.5,3.3,1.1,0.3,1763,CONMEBOL,D
2026-06-26T12:00,Egypt,100.0,41.9,14.3,3.6,1.1,0.3,1754,CAF,G
2026-06-26T12:00,South Korea,63.4,25.3,9.2,2.0,0.6,0.2,1736,AFC,A
2026-06-26T12:00,Côte d'Ivoire,100.0,24.3,7.2,1.8,0.6,0.2,1739,CAF,E
2026-06-26T12:00,DR Congo,46.5,10.9,3.7,1.2,0.3,0.1,1728,CAF,K
2026-06-26T12:00,Ghana,100.0,19.2,4.8,1.2,0.4,0.1,1691,CAF,L
2026-06-26T12:00,Sweden,100.0,26.2,7.4,2.6,0.7,0.1,1740,UEFA,F
2026-06-26T12:00,Cabo Verde,55.0,4.5,1.3,0.3,0.0,0.0,1551,CAF,H
2026-06-26T12:00,Qatar,0.0,0.0,0.0,0.0,0.0,0.0,1487,AFC,B
2026-06-26T12:00,Panama,0.7,0.1,0.0,0.0,0.0,0.0,1566,CONCACAF,L
2026-06-26T12:00,South Africa,100.0,31.0,5.8,1.2,0.2,0.0,1604,CAF,A
2026-06-26T12:00,Czechia,0.0,0.0,0.0,0.0,0.0,0.0,1680,UEFA,A
2026-06-26T12:00,Türkiye,0.0,0.0,0.0,0.0,0.0,0.0,1821,UEFA,D
2026-06-26T12:00,Uzbekistan,0.4,0.1,0.0,0.0,0.0,0.0,1631,AFC,K
2026-06-26T12:00,Tunisia,0.0,0.0,0.0,0.0,0.0,0.0,1597,CAF,F
2026-06-26T12:00,Jordan,1.6,0.4,0.1,0.0,0.0,0.0,1631,AFC,J
2026-06-26T12:00,Saudi Arabia,44.0,4.7,1.7,0.4,0.1,0.0,1634,AFC,H
2026-06-26T12:00,Bosnia & Herzegovina,100.0,21.1,6.3,1.0,0.2,0.0,1633,UEFA,B
2026-06-26T12:00,Scotland,9.0,2.2,0.5,0.2,0.0,0.0,1704,UEFA,C
2026-06-26T12:00,Iraq,0.6,0.2,0.0,0.0,0.0,0.0,1598,AFC,I
2026-06-26T12:00,Haiti,0.0,0.0,0.0,0.0,0.0,0.0,1490,CONCACAF,C
2026-06-26T12:00,New Zealand,12.1,3.2,0.2,0.0,0.0,0.0,1526,OFC,G
2026-06-26T12:00,Curaçao,0.0,0.0,0.0,0.0,0.0,0.0,1442,CONCACAF,E
2026-06-27T12:00,Argentina,100.0,95.0,80.4,55.3,36.5,21.5,2142,CONMEBOL,J
2026-06-27T12:00,Spain,100.0,82.7,59.7,46.4,29.6,18.3,2157,UEFA,H
2026-06-27T12:00,France,100.0,85.2,65.9,46.6,27.8,15.9,2125,UEFA,I
2026-06-27T12:00,England,100.0,72.4,45.8,28.3,14.4,7.2,2049,UEFA,L
2026-06-27T12:00,Colombia,100.0,73.0,42.3,20.6,11.3,5.3,2020,CONMEBOL,K
2026-06-27T12:00,Netherlands,100.0,61.8,47.8,22.0,10.1,4.7,1989,UEFA,F
2026-06-27T12:00,Brazil,100.0,61.2,39.2,20.9,9.0,4.1,1995,CONMEBOL,C
2026-06-27T12:00,Portugal,100.0,65.8,30.8,16.0,7.8,3.3,1975,UEFA,K
2026-06-27T12:00,United States,100.0,78.8,45.6,16.4,7.2,3.0,1860,CONCACAF,D
2026-06-27T12:00,Mexico,100.0,58.3,26.3,14.0,5.9,2.5,1881,CONCACAF,A
2026-06-27T12:00,Norway,100.0,69.7,31.4,13.9,5.5,2.1,1926,UEFA,I
2026-06-27T12:00,Morocco,100.0,38.2,26.5,9.8,3.7,1.5,1890,CAF,C
2026-06-27T12:00,Switzerland,100.0,63.2,27.6,9.7,4.3,1.5,1910,UEFA,B
2026-06-27T12:00,Germany,100.0,66.8,21.4,10.4,3.7,1.3,1897,UEFA,E
2026-06-27T12:00,Ecuador,100.0,45.2,22.2,9.3,3.4,1.2,1895,CONMEBOL,E
2026-06-27T12:00,Japan,100.0,38.8,21.1,8.7,3.4,1.2,1892,AFC,F
2026-06-27T12:00,Croatia,85.1,37.5,14.9,6.6,2.6,1.0,1910,UEFA,L
2026-06-27T12:00,Belgium,100.0,53.0,25.4,7.1,2.4,0.8,1850,UEFA,G
2026-06-27T12:00,Senegal,100.0,41.2,16.7,6.2,2.3,0.7,1850,CAF,I
2026-06-27T12:00,Canada,100.0,69.0,20.7,5.6,1.5,0.5,1716,CONCACAF,B
2026-06-27T12:00,Egypt,100.0,48.7,8.2,2.6,0.8,0.3,1757,CAF,G
2026-06-27T12:00,Australia,100.0,51.3,9.6,3.3,1.0,0.3,1775,AFC,D
2026-06-27T12:00,Algeria,61.8,15.4,6.3,2.3,0.8,0.3,1804,CAF,J
2026-06-27T12:00,Austria,77.1,16.1,6.7,2.3,0.7,0.3,1816,UEFA,J
2026-06-27T12:00,Paraguay,100.0,24.2,7.7,3.0,0.9,0.2,1763,CONMEBOL,D
2026-06-27T12:00,Côte d'Ivoire,100.0,30.3,8.4,2.6,0.6,0.2,1739,CAF,E
2026-06-27T12:00,Iran,90.0,32.5,10.6,2.8,1.0,0.2,1783,AFC,G
2026-06-27T12:00,DR Congo,46.3,10.4,3.2,1.2,0.4,0.1,1728,CAF,K
2026-06-27T12:00,Sweden,100.0,23.4,5.6,1.9,0.5,0.1,1740,UEFA,F
2026-06-27T12:00,Ghana,100.0,20.1,4.8,1.4,0.4,0.1,1691,CAF,L
2026-06-27T12:00,South Korea,38.2,14.1,5.0,1.1,0.3,0.1,1736,AFC,A
2026-06-27T12:00,Jordan,0.7,0.2,0.1,0.0,0.0,0.0,1631,AFC,J
2026-06-27T12:00,Panama,0.6,0.1,0.0,0.0,0.0,0.0,1566,CONCACAF,L
2026-06-27T12:00,South Africa,100.0,31.0,5.0,0.8,0.2,0.0,1604,CAF,A
2026-06-27T12:00,Czechia,0.0,0.0,0.0,0.0,0.0,0.0,1680,UEFA,A
2026-06-27T12:00,Uzbekistan,0.1,0.0,0.0,0.0,0.0,0.0,1631,AFC,K
2026-06-27T12:00,Türkiye,0.0,0.0,0.0,0.0,0.0,0.0,1821,UEFA,D
2026-06-27T12:00,Qatar,0.0,0.0,0.0,0.0,0.0,0.0,1487,AFC,B
2026-06-27T12:00,Uruguay,0.0,0.0,0.0,0.0,0.0,0.0,1839,CONMEBOL,H
2026-06-27T12:00,Saudi Arabia,0.0,0.0,0.0,0.0,0.0,0.0,1627,AFC,H
2026-06-27T12:00,New Zealand,0.0,0.0,0.0,0.0,0.0,0.0,1510,OFC,G
2026-06-27T12:00,Bosnia & Herzegovina,100.0,20.5,5.5,0.9,0.2,0.0,1633,UEFA,B
2026-06-27T12:00,Iraq,0.0,0.0,0.0,0.0,0.0,0.0,1572,AFC,I
2026-06-27T12:00,Scotland,0.0,0.0,0.0,0.0,0.0,0.0,1704,UEFA,C
2026-06-27T12:00,Curaçao,0.0,0.0,0.0,0.0,0.0,0.0,1442,CONCACAF,E
2026-06-27T12:00,Haiti,0.0,0.0,0.0,0.0,0.0,0.0,1490,CONCACAF,C
2026-06-27T12:00,Cabo Verde,100.0,4.9,1.6,0.3,0.0,0.0,1558,CAF,H
2026-06-27T12:00,Tunisia,0.0,0.0,0.0,0.0,0.0,0.0,1597,CAF,F
2026-06-28T12:00,Argentina,100.0,95.6,81.4,56.3,37.5,22.3,2146,CONMEBOL,J
2026-06-28T12:00,Spain,100.0,84.7,60.7,47.0,30.0,18.8,2157,UEFA,H
2026-06-28T12:00,France,100.0,86.9,67.2,48.5,28.6,16.4,2125,UEFA,I
2026-06-28T12:00,England,100.0,79.2,50.4,31.2,15.7,7.7,2054,UEFA,L
2026-06-28T12:00,Colombia,100.0,82.8,53.6,23.0,12.1,5.8,2016,CONMEBOL,K
2026-06-28T12:00,Brazil,100.0,61.5,39.3,20.3,8.8,4.1,1995,CONMEBOL,C
2026-06-28T12:00,Netherlands,100.0,60.0,45.6,19.3,8.8,4.1,1989,UEFA,F
2026-06-28T12:00,United States,100.0,79.2,44.8,15.9,6.6,2.5,1860,CONCACAF,D
2026-06-28T12:00,Portugal,100.0,57.1,20.9,12.6,6.0,2.5,1978,UEFA,K
2026-06-28T12:00,Mexico,100.0,55.3,24.7,12.8,5.5,2.4,1881,CONCACAF,A
2026-06-28T12:00,Norway,100.0,70.6,32.4,14.0,5.2,1.9,1926,UEFA,I
2026-06-28T12:00,Morocco,100.0,40.0,27.7,11.0,4.3,1.6,1890,CAF,C
2026-06-28T12:00,Switzerland,100.0,62.4,27.9,9.9,4.2,1.3,1910,UEFA,B
2026-06-28T12:00,Croatia,100.0,42.9,13.0,7.5,3.2,1.2,1923,UEFA,L
2026-06-28T12:00,Japan,100.0,38.5,19.9,8.6,3.4,1.2,1892,AFC,F
2026-06-28T12:00,Germany,100.0,64.8,20.3,10.2,3.7,1.2,1897,UEFA,E
2026-06-28T12:00,Ecuador,100.0,44.7,17.9,8.5,3.0,0.9,1895,CONMEBOL,E
2026-06-28T12:00,Senegal,100.0,49.6,24.4,7.1,2.8,0.8,1850,CAF,I
2026-06-28T12:00,Belgium,100.0,50.4,25.0,6.9,2.2,0.7,1850,UEFA,G
2026-06-28T12:00,Algeria,100.0,37.6,13.7,3.7,1.2,0.4,1805,CAF,J
2026-06-28T12:00,Australia,100.0,51.8,9.4,3.2,1.0,0.4,1775,AFC,D
2026-06-28T12:00,Canada,100.0,68.5,21.8,5.6,1.6,0.4,1716,CONCACAF,B
2026-06-28T12:00,Austria,100.0,15.3,5.5,2.3,0.8,0.2,1815,UEFA,J
2026-06-28T12:00,Côte d'Ivoire,100.0,29.4,8.4,2.2,0.5,0.2,1739,CAF,E
2026-06-28T12:00,Paraguay,100.0,35.2,7.6,3.0,0.8,0.2,1763,CONMEBOL,D
2026-06-28T12:00,DR Congo,100.0,20.8,7.0,2.4,0.6,0.2,1761,CAF,K
2026-06-28T12:00,Egypt,100.0,48.2,8.0,2.8,0.9,0.2,1757,CAF,G
2026-06-28T12:00,Sweden,100.0,13.1,4.9,1.6,0.4,0.1,1740,UEFA,F
2026-06-28T12:00,Qatar,0.0,0.0,0.0,0.0,0.0,0.0,1487,AFC,B
2026-06-28T12:00,Jordan,0.0,0.0,0.0,0.0,0.0,0.0,1627,AFC,J
2026-06-28T12:00,Curaçao,0.0,0.0,0.0,0.0,0.0,0.0,1442,CONCACAF,E
2026-06-28T12:00,Bosnia & Herzegovina,100.0,20.8,5.8,0.8,0.1,0.0,1633,UEFA,B
2026-06-28T12:00,Czechia,0.0,0.0,0.0,0.0,0.0,0.0,1680,UEFA,A
2026-06-28T12:00,South Africa,100.0,31.5,5.0,0.7,0.2,0.0,1604,CAF,A
2026-06-28T12:00,Panama,0.0,0.0,0.0,0.0,0.0,0.0,1560,CONCACAF,L
2026-06-28T12:00,Uzbekistan,0.0,0.0,0.0,0.0,0.0,0.0,1599,AFC,K
2026-06-28T12:00,Haiti,0.0,0.0,0.0,0.0,0.0,0.0,1490,CONCACAF,C
2026-06-28T12:00,Iraq,0.0,0.0,0.0,0.0,0.0,0.0,1572,AFC,I
2026-06-28T12:00,Scotland,0.0,0.0,0.0,0.0,0.0,0.0,1704,UEFA,C
2026-06-28T12:00,Cabo Verde,100.0,4.4,1.3,0.3,0.0,0.0,1558,CAF,H
2026-06-28T12:00,Saudi Arabia,0.0,0.0,0.0,0.0,0.0,0.0,1627,AFC,H
2026-06-28T12:00,Uruguay,0.0,0.0,0.0,0.0,0.0,0.0,1839,CONMEBOL,H
2026-06-28T12:00,New Zealand,0.0,0.0,0.0,0.0,0.0,0.0,1510,OFC,G
2026-06-28T12:00,Iran,0.0,0.0,0.0,0.0,0.0,0.0,1783,AFC,G
2026-06-28T12:00,South Korea,0.0,0.0,0.0,0.0,0.0,0.0,1736,AFC,A
2026-06-28T12:00,Tunisia,0.0,0.0,0.0,0.0,0.0,0.0,1597,CAF,F
2026-06-28T12:00,Türkiye,0.0,0.0,0.0,0.0,0.0,0.0,1821,UEFA,D
2026-06-28T12:00,Ghana,100.0,17.2,4.9,0.9,0.2,0.0,1678,CAF,L
2026-06-29T12:00,Argentina,100.0,95.1,81.0,55.8,37.3,22.0,2146,CONMEBOL,J
2026-06-29T12:00,Spain,100.0,84.3,60.6,46.8,30.7,18.1,2157,UEFA,H
2026-06-29T12:00,France,100.0,87.0,67.3,48.7,28.9,16.4,2125,UEFA,I
2026-06-29T12:00,England,100.0,80.0,51.9,32.6,16.6,8.3,2054,UEFA,L
2026-06-29T12:00,Colombia,100.0,83.2,54.1,23.5,12.7,6.2,2016,CONMEBOL,K
2026-06-29T12:00,Brazil,100.0,61.6,38.6,19.7,8.6,4.1,1995,CONMEBOL,C
2026-06-29T12:00,Netherlands,100.0,61.4,43.5,18.9,8.7,4.0,1989,UEFA,F
2026-06-29T12:00,Portugal,100.0,56.4,20.0,12.4,6.1,2.7,1978,UEFA,K
2026-06-29T12:00,Mexico,100.0,54.4,24.0,12.2,5.2,2.3,1881,CONCACAF,A
2026-06-29T12:00,United States,100.0,79.3,44.7,15.4,6.3,2.3,1860,CONCACAF,D
2026-06-29T12:00,Norway,100.0,70.4,32.7,14.4,5.2,2.0,1926,UEFA,I
2026-06-29T12:00,Switzerland,100.0,62.9,27.9,10.0,4.4,1.7,1910,UEFA,B
2026-06-29T12:00,Morocco,100.0,38.6,25.0,9.2,3.5,1.4,1890,CAF,C
2026-06-29T12:00,Croatia,100.0,43.6,13.4,7.5,3.1,1.2,1923,UEFA,L
2026-06-29T12:00,Japan,100.0,38.4,20.3,8.2,3.1,1.1,1892,AFC,F
2026-06-29T12:00,Germany,100.0,64.5,19.5,9.7,3.1,1.1,1897,UEFA,E
2026-06-29T12:00,Ecuador,100.0,45.6,17.9,8.2,2.6,1.0,1895,CONMEBOL,E
2026-06-29T12:00,Senegal,100.0,49.1,24.1,7.1,2.6,0.9,1850,CAF,I
2026-06-29T12:00,Belgium,100.0,50.9,25.2,7.1,2.3,0.7,1850,UEFA,G
2026-06-29T12:00,Canada,100.0,100.0,31.6,8.4,2.4,0.6,1737,CONCACAF,B
2026-06-29T12:00,Algeria,100.0,37.1,12.6,3.3,1.3,0.4,1805,CAF,J
2026-06-29T12:00,Australia,100.0,52.2,9.4,3.4,0.9,0.3,1775,AFC,D
2026-06-29T12:00,Austria,100.0,15.7,6.0,2.8,0.9,0.2,1815,UEFA,J
2026-06-29T12:00,Paraguay,100.0,35.5,8.2,3.4,0.9,0.2,1763,CONMEBOL,D
2026-06-29T12:00,Egypt,100.0,47.8,8.5,2.9,0.7,0.2,1757,CAF,G
2026-06-29T12:00,Côte d'Ivoire,100.0,29.6,8.4,2.3,0.5,0.1,1739,CAF,E
2026-06-29T12:00,Sweden,100.0,13.0,5.1,1.8,0.4,0.1,1740,UEFA,F
2026-06-29T12:00,DR Congo,100.0,20.0,6.2,2.4,0.6,0.1,1761,CAF,K
2026-06-29T12:00,Qatar,0.0,0.0,0.0,0.0,0.0,0.0,1487,AFC,B
2026-06-29T12:00,Jordan,0.0,0.0,0.0,0.0,0.0,0.0,1627,AFC,J
2026-06-29T12:00,Curaçao,0.0,0.0,0.0,0.0,0.0,0.0,1442,CONCACAF,E
2026-06-29T12:00,Bosnia & Herzegovina,100.0,20.7,6.0,0.9,0.1,0.0,1633,UEFA,B
2026-06-29T12:00,Czechia,0.0,0.0,0.0,0.0,0.0,0.0,1680,UEFA,A
2026-06-29T12:00,South Africa,100.0,0.0,0.0,0.0,0.0,0.0,1583,CAF,A
2026-06-29T12:00,Panama,0.0,0.0,0.0,0.0,0.0,0.0,1560,CONCACAF,L
2026-06-29T12:00,Uzbekistan,0.0,0.0,0.0,0.0,0.0,0.0,1599,AFC,K
2026-06-29T12:00,Haiti,0.0,0.0,0.0,0.0,0.0,0.0,1490,CONCACAF,C
2026-06-29T12:00,Iraq,0.0,0.0,0.0,0.0,0.0,0.0,1572,AFC,I
2026-06-29T12:00,Scotland,0.0,0.0,0.0,0.0,0.0,0.0,1704,UEFA,C
2026-06-29T12:00,Cabo Verde,100.0,4.9,1.2,0.2,0.0,0.0,1558,CAF,H
2026-06-29T12:00,Saudi Arabia,0.0,0.0,0.0,0.0,0.0,0.0,1627,AFC,H
2026-06-29T12:00,Uruguay,0.0,0.0,0.0,0.0,0.0,0.0,1839,CONMEBOL,H
2026-06-29T12:00,New Zealand,0.0,0.0,0.0,0.0,0.0,0.0,1510,OFC,G
2026-06-29T12:00,Iran,0.0,0.0,0.0,0.0,0.0,0.0,1783,AFC,G
2026-06-29T12:00,South Korea,0.0,0.0,0.0,0.0,0.0,0.0,1736,AFC,A
2026-06-29T12:00,Tunisia,0.0,0.0,0.0,0.0,0.0,0.0,1597,CAF,F
2026-06-29T12:00,Türkiye,0.0,0.0,0.0,0.0,0.0,0.0,1821,UEFA,D
2026-06-29T12:00,Ghana,100.0,16.8,5.3,0.9,0.2,0.0,1678,CAF,L
2026-06-30T12:00,Argentina,100.0,95.0,80.9,55.6,35.8,21.7,2146,CONMEBOL,J
2026-06-30T12:00,Spain,100.0,84.4,61.1,47.6,31.2,19.0,2157,UEFA,H
2026-06-30T12:00,France,100.0,86.4,71.2,54.8,31.9,17.8,2125,UEFA,I
2026-06-30T12:00,England,100.0,79.5,50.5,29.2,15.2,7.3,2054,UEFA,L
2026-06-30T12:00,Brazil,100.0,100.0,58.1,30.9,14.4,6.8,2017,CONMEBOL,C
2026-06-30T12:00,Colombia,100.0,83.3,54.5,23.7,11.6,5.6,2016,CONMEBOL,K
2026-06-30T12:00,Morocco,100.0,100.0,61.6,21.9,8.2,3.1,1898,CAF,C
2026-06-30T12:00,Norway,100.0,100.0,41.9,18.1,7.6,3.0,1942,UEFA,I
2026-06-30T12:00,Portugal,100.0,57.1,20.7,13.2,6.3,2.6,1978,UEFA,K
2026-06-30T12:00,United States,100.0,78.8,45.2,15.5,6.7,2.5,1860,CONCACAF,D
2026-06-30T12:00,Mexico,100.0,56.4,24.8,12.0,5.2,2.2,1881,CONCACAF,A
2026-06-30T12:00,Switzerland,100.0,62.4,27.4,9.8,3.9,1.5,1910,UEFA,B
2026-06-30T12:00,Croatia,100.0,42.9,12.8,6.9,3.2,1.3,1923,UEFA,L
2026-06-30T12:00,Ecuador,100.0,43.6,17.4,7.6,2.4,1.0,1895,CONMEBOL,E
2026-06-30T12:00,Senegal,100.0,50.8,24.9,7.2,2.9,0.8,1850,CAF,I
2026-06-30T12:00,Belgium,100.0,49.2,24.4,6.7,2.4,0.8,1850,UEFA,G
2026-06-30T12:00,Canada,100.0,100.0,38.4,10.4,2.8,0.8,1737,CONCACAF,B
2026-06-30T12:00,Paraguay,100.0,100.0,22.4,10.3,2.9,0.7,1805,CONMEBOL,D
2026-06-30T12:00,Algeria,100.0,37.6,13.2,3.6,1.3,0.4,1805,CAF,J
2026-06-30T12:00,Egypt,100.0,48.9,8.7,3.1,1.0,0.3,1757,CAF,G
2026-06-30T12:00,DR Congo,100.0,20.5,7.3,2.3,0.6,0.2,1761,CAF,K
2026-06-30T12:00,Australia,100.0,51.1,8.8,2.9,0.8,0.2,1775,AFC,D
2026-06-30T12:00,Austria,100.0,15.6,5.4,2.4,0.8,0.2,1815,UEFA,J
2026-06-30T12:00,Sweden,100.0,13.6,6.4,2.7,0.7,0.1,1740,UEFA,F
2026-06-30T12:00,Panama,0.0,0.0,0.0,0.0,0.0,0.0,1560,CONCACAF,L
2026-06-30T12:00,South Africa,100.0,0.0,0.0,0.0,0.0,0.0,1583,CAF,A
2026-06-30T12:00,Czechia,0.0,0.0,0.0,0.0,0.0,0.0,1680,UEFA,A
2026-06-30T12:00,Uzbekistan,0.0,0.0,0.0,0.0,0.0,0.0,1599,AFC,K
2026-06-30T12:00,Scotland,0.0,0.0,0.0,0.0,0.0,0.0,1704,UEFA,C
2026-06-30T12:00,Qatar,0.0,0.0,0.0,0.0,0.0,0.0,1487,AFC,B
2026-06-30T12:00,Jordan,0.0,0.0,0.0,0.0,0.0,0.0,1627,AFC,J
2026-06-30T12:00,Bosnia & Herzegovina,100.0,21.2,5.5,0.5,0.1,0.0,1633,UEFA,B
2026-06-30T12:00,Iraq,0.0,0.0,0.0,0.0,0.0,0.0,1572,AFC,I
2026-06-30T12:00,Germany,100.0,0.0,0.0,0.0,0.0,0.0,1856,UEFA,E
2026-06-30T12:00,Haiti,0.0,0.0,0.0,0.0,0.0,0.0,1490,CONCACAF,C
2026-06-30T12:00,Türkiye,0.0,0.0,0.0,0.0,0.0,0.0,1821,UEFA,D
2026-06-30T12:00,Cabo Verde,100.0,5.0,1.6,0.3,0.0,0.0,1558,CAF,H
2026-06-30T12:00,Saudi Arabia,0.0,0.0,0.0,0.0,0.0,0.0,1627,AFC,H
2026-06-30T12:00,Uruguay,0.0,0.0,0.0,0.0,0.0,0.0,1839,CONMEBOL,H
2026-06-30T12:00,New Zealand,0.0,0.0,0.0,0.0,0.0,0.0,1510,OFC,G
2026-06-30T12:00,Iran,0.0,0.0,0.0,0.0,0.0,0.0,1783,AFC,G
2026-06-30T12:00,South Korea,0.0,0.0,0.0,0.0,0.0,0.0,1736,AFC,A
2026-06-30T12:00,Tunisia,0.0,0.0,0.0,0.0,0.0,0.0,1597,CAF,F
2026-06-30T12:00,Japan,100.0,0.0,0.0,0.0,0.0,0.0,1871,AFC,F
2026-06-30T12:00,Netherlands,100.0,0.0,0.0,0.0,0.0,0.0,1980,UEFA,F
2026-06-30T12:00,Curaçao,0.0,0.0,0.0,0.0,0.0,0.0,1442,CONCACAF,E
2026-06-30T12:00,Côte d'Ivoire,100.0,0.0,0.0,0.0,0.0,0.0,1723,CAF,E
2026-06-30T12:00,Ghana,100.0,16.7,5.0,0.9,0.2,0.0,1678,CAF,L
2026-07-01T12:00,France,100.0,100.0,83.4,64.7,37.4,21.4,2135,UEFA,I
2026-07-01T12:00,Argentina,100.0,95.4,80.8,56.1,35.4,20.6,2146,CONMEBOL,J
2026-07-01T12:00,Spain,100.0,83.7,60.0,46.2,28.9,17.1,2157,UEFA,H
2026-07-01T12:00,England,100.0,100.0,59.2,34.9,17.8,8.5,2063,UEFA,L
2026-07-01T12:00,Brazil,100.0,100.0,59.7,28.5,12.9,6.3,2017,CONMEBOL,C
2026-07-01T12:00,Colombia,100.0,83.7,54.6,23.2,11.6,5.6,2016,CONMEBOL,K
2026-07-01T12:00,Mexico,100.0,100.0,40.8,21.3,8.9,4.1,1928,CONCACAF,A
2026-07-01T12:00,United States,100.0,79.2,44.6,15.5,6.5,2.6,1860,CONCACAF,D
2026-07-01T12:00,Portugal,100.0,54.8,19.8,12.5,6.0,2.3,1978,UEFA,K
2026-07-01T12:00,Morocco,100.0,100.0,61.4,19.0,7.2,2.3,1898,CAF,C
2026-07-01T12:00,Norway,100.0,100.0,40.3,15.4,6.1,2.3,1942,UEFA,I
2026-07-01T12:00,Switzerland,100.0,62.0,27.8,9.7,4.0,1.5,1910,UEFA,B
2026-07-01T12:00,Croatia,100.0,45.2,14.3,7.9,3.3,1.3,1923,UEFA,L
2026-07-01T12:00,Senegal,100.0,50.2,24.7,7.6,2.6,0.8,1850,CAF,I
2026-07-01T12:00,Belgium,100.0,49.8,25.0,7.0,2.4,0.8,1850,UEFA,G
2026-07-01T12:00,Paraguay,100.0,100.0,16.6,7.6,2.4,0.7,1805,CONMEBOL,D
2026-07-01T12:00,Canada,100.0,100.0,38.6,8.8,2.6,0.7,1737,CONCACAF,B
2026-07-01T12:00,Algeria,100.0,38.0,12.6,3.4,1.1,0.3,1805,CAF,J
2026-07-01T12:00,Australia,100.0,51.4,9.3,3.5,1.0,0.3,1775,AFC,D
2026-07-01T12:00,Austria,100.0,16.3,5.9,2.4,0.7,0.2,1815,UEFA,J
2026-07-01T12:00,Egypt,100.0,48.6,8.6,3.0,0.8,0.2,1757,CAF,G
2026-07-01T12:00,Scotland,0.0,0.0,0.0,0.0,0.0,0.0,1704,UEFA,C
2026-07-01T12:00,Iraq,0.0,0.0,0.0,0.0,0.0,0.0,1572,AFC,I
2026-07-01T12:00,Bosnia & Herzegovina,100.0,20.8,5.7,0.7,0.1,0.0,1633,UEFA,B
2026-07-01T12:00,Türkiye,0.0,0.0,0.0,0.0,0.0,0.0,1821,UEFA,D
2026-07-01T12:00,Haiti,0.0,0.0,0.0,0.0,0.0,0.0,1490,CONCACAF,C
2026-07-01T12:00,Qatar,0.0,0.0,0.0,0.0,0.0,0.0,1487,AFC,B
2026-07-01T12:00,Uzbekistan,0.0,0.0,0.0,0.0,0.0,0.0,1599,AFC,K
2026-07-01T12:00,DR Congo,100.0,0.0,0.0,0.0,0.0,0.0,1752,CAF,K
2026-07-01T12:00,Czechia,0.0,0.0,0.0,0.0,0.0,0.0,1680,UEFA,A
2026-07-01T12:00,South Africa,100.0,0.0,0.0,0.0,0.0,0.0,1583,CAF,A
2026-07-01T12:00,Panama,0.0,0.0,0.0,0.0,0.0,0.0,1560,CONCACAF,L
2026-07-01T12:00,Jordan,0.0,0.0,0.0,0.0,0.0,0.0,1627,AFC,J
2026-07-01T12:00,Cabo Verde,100.0,4.6,1.2,0.2,0.1,0.0,1558,CAF,H
2026-07-01T12:00,Germany,100.0,0.0,0.0,0.0,0.0,0.0,1856,UEFA,E
2026-07-01T12:00,Saudi Arabia,0.0,0.0,0.0,0.0,0.0,0.0,1627,AFC,H
2026-07-01T12:00,Uruguay,0.0,0.0,0.0,0.0,0.0,0.0,1839,CONMEBOL,H
2026-07-01T12:00,New Zealand,0.0,0.0,0.0,0.0,0.0,0.0,1510,OFC,G
2026-07-01T12:00,Iran,0.0,0.0,0.0,0.0,0.0,0.0,1783,AFC,G
2026-07-01T12:00,South Korea,0.0,0.0,0.0,0.0,0.0,0.0,1736,AFC,A
2026-07-01T12:00,Sweden,100.0,0.0,0.0,0.0,0.0,0.0,1730,UEFA,F
2026-07-01T12:00,Tunisia,0.0,0.0,0.0,0.0,0.0,0.0,1597,CAF,F
2026-07-01T12:00,Japan,100.0,0.0,0.0,0.0,0.0,0.0,1871,AFC,F
2026-07-01T12:00,Netherlands,100.0,0.0,0.0,0.0,0.0,0.0,1980,UEFA,F
2026-07-01T12:00,Curaçao,0.0,0.0,0.0,0.0,0.0,0.0,1442,CONCACAF,E
2026-07-01T12:00,Côte d'Ivoire,100.0,0.0,0.0,0.0,0.0,0.0,1723,CAF,E
2026-07-01T12:00,Ecuador,100.0,0.0,0.0,0.0,0.0,0.0,1848,CONMEBOL,E
2026-07-01T12:00,Ghana,100.0,16.3,4.9,0.9,0.2,0.0,1678,CAF,L
2026-07-02T12:00,Spain,100.0,100.0,73.4,55.7,34.9,21.0,2170,UEFA,H
2026-07-02T12:00,France,100.0,100.0,82.1,63.7,35.7,20.6,2135,UEFA,I
2026-07-02T12:00,Argentina,100.0,95.5,80.9,55.6,35.3,20.2,2146,CONMEBOL,J
2026-07-02T12:00,England,100.0,100.0,58.5,34.2,17.2,8.0,2063,UEFA,L
2026-07-02T12:00,Brazil,100.0,100.0,59.0,28.4,12.9,5.7,2017,CONMEBOL,C
2026-07-02T12:00,Colombia,100.0,83.2,54.0,23.0,11.5,5.2,2016,CONMEBOL,K
2026-07-02T12:00,Mexico,100.0,100.0,41.5,21.1,9.3,4.1,1928,CONCACAF,A
2026-07-02T12:00,United States,100.0,100.0,56.5,18.1,7.7,2.9,1879,CONCACAF,D
2026-07-02T12:00,Norway,100.0,100.0,41.0,16.3,6.2,2.4,1942,UEFA,I
2026-07-02T12:00,Morocco,100.0,100.0,60.6,18.7,6.6,2.4,1898,CAF,C
2026-07-02T12:00,Portugal,100.0,56.0,16.2,9.6,4.4,2.0,1978,UEFA,K
2026-07-02T12:00,Switzerland,100.0,63.0,28.3,10.3,4.2,1.2,1910,UEFA,B
2026-07-02T12:00,Belgium,100.0,100.0,43.5,10.9,3.6,1.0,1880,UEFA,G
2026-07-02T12:00,Croatia,100.0,44.0,10.4,5.7,2.4,0.9,1923,UEFA,L
2026-07-02T12:00,Canada,100.0,100.0,39.4,9.4,2.4,0.8,1737,CONCACAF,B
2026-07-02T12:00,Paraguay,100.0,100.0,17.9,8.2,2.2,0.6,1805,CONMEBOL,D
2026-07-02T12:00,Australia,100.0,52.1,9.2,3.4,1.2,0.4,1775,AFC,D
2026-07-02T12:00,Algeria,100.0,37.0,12.5,3.7,1.2,0.3,1805,CAF,J
2026-07-02T12:00,Egypt,100.0,47.9,8.6,2.7,0.8,0.3,1757,CAF,G
2026-07-02T12:00,South Africa,100.0,0.0,0.0,0.0,0.0,0.0,1583,CAF,A
2026-07-02T12:00,DR Congo,100.0,0.0,0.0,0.0,0.0,0.0,1752,CAF,K
2026-07-02T12:00,Uzbekistan,0.0,0.0,0.0,0.0,0.0,0.0,1599,AFC,K
2026-07-02T12:00,Czechia,0.0,0.0,0.0,0.0,0.0,0.0,1680,UEFA,A
2026-07-02T12:00,Panama,0.0,0.0,0.0,0.0,0.0,0.0,1560,CONCACAF,L
2026-07-02T12:00,Scotland,0.0,0.0,0.0,0.0,0.0,0.0,1704,UEFA,C
2026-07-02T12:00,Austria,100.0,0.0,0.0,0.0,0.0,0.0,1802,UEFA,J
2026-07-02T12:00,Qatar,0.0,0.0,0.0,0.0,0.0,0.0,1487,AFC,B
2026-07-02T12:00,Iraq,0.0,0.0,0.0,0.0,0.0,0.0,1572,AFC,I
2026-07-02T12:00,Bosnia & Herzegovina,100.0,0.0,0.0,0.0,0.0,0.0,1614,UEFA,B
2026-07-02T12:00,Senegal,100.0,0.0,0.0,0.0,0.0,0.0,1820,CAF,I
2026-07-02T12:00,Jordan,0.0,0.0,0.0,0.0,0.0,0.0,1627,AFC,J
2026-07-02T12:00,Saudi Arabia,0.0,0.0,0.0,0.0,0.0,0.0,1627,AFC,H
2026-07-02T12:00,Cabo Verde,100.0,4.5,1.4,0.3,0.0,0.0,1558,CAF,H
2026-07-02T12:00,Uruguay,0.0,0.0,0.0,0.0,0.0,0.0,1839,CONMEBOL,H
2026-07-02T12:00,Haiti,0.0,0.0,0.0,0.0,0.0,0.0,1490,CONCACAF,C
2026-07-02T12:00,New Zealand,0.0,0.0,0.0,0.0,0.0,0.0,1510,OFC,G
2026-07-02T12:00,Iran,0.0,0.0,0.0,0.0,0.0,0.0,1783,AFC,G
2026-07-02T12:00,South Korea,0.0,0.0,0.0,0.0,0.0,0.0,1736,AFC,A
2026-07-02T12:00,Sweden,100.0,0.0,0.0,0.0,0.0,0.0,1730,UEFA,F
2026-07-02T12:00,Tunisia,0.0,0.0,0.0,0.0,0.0,0.0,1597,CAF,F
2026-07-02T12:00,Japan,100.0,0.0,0.0,0.0,0.0,0.0,1871,AFC,F
2026-07-02T12:00,Netherlands,100.0,0.0,0.0,0.0,0.0,0.0,1980,UEFA,F
2026-07-02T12:00,Curaçao,0.0,0.0,0.0,0.0,0.0,0.0,1442,CONCACAF,E
2026-07-02T12:00,Côte d'Ivoire,100.0,0.0,0.0,0.0,0.0,0.0,1723,CAF,E
2026-07-02T12:00,Ecuador,100.0,0.0,0.0,0.0,0.0,0.0,1848,CONMEBOL,E
2026-07-02T12:00,Germany,100.0,0.0,0.0,0.0,0.0,0.0,1856,UEFA,E
2026-07-02T12:00,Türkiye,0.0,0.0,0.0,0.0,0.0,0.0,1821,UEFA,D
2026-07-02T12:00,Ghana,100.0,16.8,5.3,1.0,0.2,0.0,1678,CAF,L
2026-07-03T12:00,France,100.0,100.0,83.3,64.4,36.0,21.1,2135,UEFA,I
2026-07-03T12:00,Spain,100.0,100.0,68.2,52.3,32.4,19.8,2170,UEFA,H
2026-07-03T12:00,Argentina,100.0,95.5,81.1,55.1,34.7,19.4,2146,CONMEBOL,J
2026-07-03T12:00,England,100.0,100.0,58.4,33.7,16.9,7.6,2063,UEFA,L
2026-07-03T12:00,Brazil,100.0,100.0,57.7,28.2,12.7,5.8,2017,CONMEBOL,C
2026-07-03T12:00,Colombia,100.0,83.3,49.2,21.2,10.9,5.1,2016,CONMEBOL,K
2026-07-03T12:00,Mexico,100.0,100.0,41.6,21.4,9.1,3.9,1928,CONCACAF,A
2026-07-03T12:00,Portugal,100.0,100.0,31.8,19.2,8.8,3.8,2004,UEFA,K
2026-07-03T12:00,United States,100.0,100.0,57.2,18.2,7.9,3.2,1879,CONCACAF,D
2026-07-03T12:00,Switzerland,100.0,100.0,46.2,16.9,7.4,2.6,1942,UEFA,B
2026-07-03T12:00,Morocco,100.0,100.0,61.1,19.1,6.6,2.5,1898,CAF,C
2026-07-03T12:00,Norway,100.0,100.0,42.3,16.7,6.5,2.4,1942,UEFA,I
2026-07-03T12:00,Belgium,100.0,100.0,42.8,10.4,3.6,1.0,1880,UEFA,G
2026-07-03T12:00,Paraguay,100.0,100.0,16.7,7.6,2.3,0.6,1805,CONMEBOL,D
2026-07-03T12:00,Canada,100.0,100.0,38.9,8.9,2.3,0.6,1737,CONCACAF,B
2026-07-03T12:00,Australia,100.0,50.7,9.2,3.2,1.0,0.3,1775,AFC,D
2026-07-03T12:00,Egypt,100.0,49.2,8.2,2.6,0.7,0.2,1757,CAF,G
2026-07-03T12:00,Croatia,100.0,0.0,0.0,0.0,0.0,0.0,1898,UEFA,L
2026-07-03T12:00,South Africa,100.0,0.0,0.0,0.0,0.0,0.0,1583,CAF,A
2026-07-03T12:00,DR Congo,100.0,0.0,0.0,0.0,0.0,0.0,1752,CAF,K
2026-07-03T12:00,Uzbekistan,0.0,0.0,0.0,0.0,0.0,0.0,1599,AFC,K
2026-07-03T12:00,Czechia,0.0,0.0,0.0,0.0,0.0,0.0,1680,UEFA,A
2026-07-03T12:00,Panama,0.0,0.0,0.0,0.0,0.0,0.0,1560,CONCACAF,L
2026-07-03T12:00,Scotland,0.0,0.0,0.0,0.0,0.0,0.0,1704,UEFA,C
2026-07-03T12:00,Algeria,100.0,0.0,0.0,0.0,0.0,0.0,1773,CAF,J
2026-07-03T12:00,Austria,100.0,0.0,0.0,0.0,0.0,0.0,1802,UEFA,J
2026-07-03T12:00,Qatar,0.0,0.0,0.0,0.0,0.0,0.0,1487,AFC,B
2026-07-03T12:00,Iraq,0.0,0.0,0.0,0.0,0.0,0.0,1572,AFC,I
2026-07-03T12:00,Bosnia & Herzegovina,100.0,0.0,0.0,0.0,0.0,0.0,1614,UEFA,B
2026-07-03T12:00,Senegal,100.0,0.0,0.0,0.0,0.0,0.0,1820,CAF,I
2026-07-03T12:00,Jordan,0.0,0.0,0.0,0.0,0.0,0.0,1627,AFC,J
2026-07-03T12:00,Saudi Arabia,0.0,0.0,0.0,0.0,0.0,0.0,1627,AFC,H
2026-07-03T12:00,Cabo Verde,100.0,4.5,1.4,0.2,0.0,0.0,1558,CAF,H
2026-07-03T12:00,Uruguay,0.0,0.0,0.0,0.0,0.0,0.0,1839,CONMEBOL,H
2026-07-03T12:00,Haiti,0.0,0.0,0.0,0.0,0.0,0.0,1490,CONCACAF,C
2026-07-03T12:00,New Zealand,0.0,0.0,0.0,0.0,0.0,0.0,1510,OFC,G
2026-07-03T12:00,Iran,0.0,0.0,0.0,0.0,0.0,0.0,1783,AFC,G
2026-07-03T12:00,South Korea,0.0,0.0,0.0,0.0,0.0,0.0,1736,AFC,A
2026-07-03T12:00,Sweden,100.0,0.0,0.0,0.0,0.0,0.0,1730,UEFA,F
2026-07-03T12:00,Tunisia,0.0,0.0,0.0,0.0,0.0,0.0,1597,CAF,F
2026-07-03T12:00,Japan,100.0,0.0,0.0,0.0,0.0,0.0,1871,AFC,F
2026-07-03T12:00,Netherlands,100.0,0.0,0.0,0.0,0.0,0.0,1980,UEFA,F
2026-07-03T12:00,Curaçao,0.0,0.0,0.0,0.0,0.0,0.0,1442,CONCACAF,E
2026-07-03T12:00,Côte d'Ivoire,100.0,0.0,0.0,0.0,0.0,0.0,1723,CAF,E
2026-07-03T12:00,Ecuador,100.0,0.0,0.0,0.0,0.0,0.0,1848,CONMEBOL,E
2026-07-03T12:00,Germany,100.0,0.0,0.0,0.0,0.0,0.0,1856,UEFA,E
2026-07-03T12:00,Türkiye,0.0,0.0,0.0,0.0,0.0,0.0,1821,UEFA,D
2026-07-03T12:00,Ghana,100.0,16.7,4.6,0.8,0.2,0.0,1678,CAF,L
2026-07-04T12:00,Argentina,100.0,100.0,86.2,57.1,35.9,20.7,2148,CONMEBOL,J
2026-07-04T12:00,Spain,100.0,100.0,68.8,52.0,32.7,19.9,2170,UEFA,H
2026-07-04T12:00,France,100.0,100.0,82.8,60.9,33.9,19.1,2135,UEFA,I
2026-07-04T12:00,England,100.0,100.0,58.6,34.1,17.0,8.1,2063,UEFA,L
2026-07-04T12:00,Colombia,100.0,100.0,59.9,24.4,12.3,5.6,2023,CONMEBOL,K
2026-07-04T12:00,Brazil,100.0,100.0,58.4,28.0,11.9,5.2,2017,CONMEBOL,C
2026-07-04T12:00,Mexico,100.0,100.0,41.3,21.5,9.2,4.0,1928,CONCACAF,A
2026-07-04T12:00,Portugal,100.0,100.0,31.2,18.9,9.0,4.0,2004,UEFA,K
2026-07-04T12:00,Morocco,100.0,100.0,100.0,32.1,11.0,3.6,1928,CAF,C
2026-07-04T12:00,United States,100.0,100.0,56.6,18.4,7.6,3.0,1879,CONCACAF,D
2026-07-04T12:00,Norway,100.0,100.0,41.6,16.4,6.4,2.4,1942,UEFA,I
2026-07-04T12:00,Switzerland,100.0,100.0,40.1,14.5,6.3,2.2,1942,UEFA,B
2026-07-04T12:00,Belgium,100.0,100.0,43.4,10.7,3.8,1.3,1880,UEFA,G
2026-07-04T12:00,Paraguay,100.0,100.0,17.2,7.0,2.0,0.5,1805,CONMEBOL,D
2026-07-04T12:00,Egypt,100.0,100.0,13.8,4.0,1.1,0.3,1758,CAF,G
2026-07-04T12:00,Cabo Verde,100.0,0.0,0.0,0.0,0.0,0.0,1556,CAF,H
2026-07-04T12:00,Senegal,100.0,0.0,0.0,0.0,0.0,0.0,1820,CAF,I
2026-07-04T12:00,Bosnia & Herzegovina,100.0,0.0,0.0,0.0,0.0,0.0,1614,UEFA,B
2026-07-04T12:00,Iraq,0.0,0.0,0.0,0.0,0.0,0.0,1572,AFC,I
2026-07-04T12:00,Qatar,0.0,0.0,0.0,0.0,0.0,0.0,1487,AFC,B
2026-07-04T12:00,Austria,100.0,0.0,0.0,0.0,0.0,0.0,1802,UEFA,J
2026-07-04T12:00,Algeria,100.0,0.0,0.0,0.0,0.0,0.0,1773,CAF,J
2026-07-04T12:00,Jordan,0.0,0.0,0.0,0.0,0.0,0.0,1627,AFC,J
2026-07-04T12:00,Canada,100.0,100.0,0.0,0.0,0.0,0.0,1707,CONCACAF,B
2026-07-04T12:00,Czechia,0.0,0.0,0.0,0.0,0.0,0.0,1680,UEFA,A
2026-07-04T12:00,Uzbekistan,0.0,0.0,0.0,0.0,0.0,0.0,1599,AFC,K
2026-07-04T12:00,DR Congo,100.0,0.0,0.0,0.0,0.0,0.0,1752,CAF,K
2026-07-04T12:00,South Africa,100.0,0.0,0.0,0.0,0.0,0.0,1583,CAF,A
2026-07-04T12:00,Croatia,100.0,0.0,0.0,0.0,0.0,0.0,1898,UEFA,L
2026-07-04T12:00,Panama,0.0,0.0,0.0,0.0,0.0,0.0,1560,CONCACAF,L
2026-07-04T12:00,Scotland,0.0,0.0,0.0,0.0,0.0,0.0,1704,UEFA,C
2026-07-04T12:00,Saudi Arabia,0.0,0.0,0.0,0.0,0.0,0.0,1627,AFC,H
2026-07-04T12:00,Australia,100.0,0.0,0.0,0.0,0.0,0.0,1774,AFC,D
2026-07-04T12:00,Uruguay,0.0,0.0,0.0,0.0,0.0,0.0,1839,CONMEBOL,H
2026-07-04T12:00,Haiti,0.0,0.0,0.0,0.0,0.0,0.0,1490,CONCACAF,C
2026-07-04T12:00,New Zealand,0.0,0.0,0.0,0.0,0.0,0.0,1510,OFC,G
2026-07-04T12:00,Iran,0.0,0.0,0.0,0.0,0.0,0.0,1783,AFC,G
2026-07-04T12:00,South Korea,0.0,0.0,0.0,0.0,0.0,0.0,1736,AFC,A
2026-07-04T12:00,Sweden,100.0,0.0,0.0,0.0,0.0,0.0,1730,UEFA,F
2026-07-04T12:00,Tunisia,0.0,0.0,0.0,0.0,0.0,0.0,1597,CAF,F
2026-07-04T12:00,Japan,100.0,0.0,0.0,0.0,0.0,0.0,1871,AFC,F
2026-07-04T12:00,Netherlands,100.0,0.0,0.0,0.0,0.0,0.0,1980,UEFA,F
2026-07-04T12:00,Curaçao,0.0,0.0,0.0,0.0,0.0,0.0,1442,CONCACAF,E
2026-07-04T12:00,Côte d'Ivoire,100.0,0.0,0.0,0.0,0.0,0.0,1723,CAF,E
2026-07-04T12:00,Ecuador,100.0,0.0,0.0,0.0,0.0,0.0,1848,CONMEBOL,E
2026-07-04T12:00,Germany,100.0,0.0,0.0,0.0,0.0,0.0,1856,UEFA,E
2026-07-04T12:00,Türkiye,0.0,0.0,0.0,0.0,0.0,0.0,1821,UEFA,D
2026-07-04T12:00,Ghana,100.0,0.0,0.0,0.0,0.0,0.0,1670,CAF,L
2026-07-05T12:00,France,100.0,100.0,100.0,72.2,40.5,23.2,2143,UEFA,I
2026-07-05T12:00,Argentina,100.0,100.0,86.6,56.9,36.4,20.6,2148,CONMEBOL,J
2026-07-05T12:00,Spain,100.0,100.0,68.7,51.7,31.0,18.8,2170,UEFA,H
2026-07-05T12:00,England,100.0,100.0,58.4,36.2,18.0,8.5,2063,UEFA,L
2026-07-05T12:00,Colombia,100.0,100.0,58.7,24.5,12.6,5.4,2023,CONMEBOL,K
2026-07-05T12:00,Norway,100.0,100.0,100.0,41.2,15.4,5.4,1978,UEFA,I
2026-07-05T12:00,Mexico,100.0,100.0,41.6,22.6,9.6,3.9,1928,CONCACAF,A
2026-07-05T12:00,Morocco,100.0,100.0,100.0,27.8,9.9,3.9,1928,CAF,C
2026-07-05T12:00,Portugal,100.0,100.0,31.3,18.4,7.8,3.7,2004,UEFA,K
2026-07-05T12:00,United States,100.0,100.0,56.8,18.9,7.4,3.0,1879,CONCACAF,D
2026-07-05T12:00,Switzerland,100.0,100.0,41.3,14.9,6.8,2.2,1942,UEFA,B
2026-07-05T12:00,Belgium,100.0,100.0,43.2,11.0,3.4,1.1,1880,UEFA,G
2026-07-05T12:00,Egypt,100.0,100.0,13.4,3.8,1.2,0.3,1758,CAF,G
2026-07-05T12:00,Czechia,0.0,0.0,0.0,0.0,0.0,0.0,1680,UEFA,A
2026-07-05T12:00,South Africa,100.0,0.0,0.0,0.0,0.0,0.0,1583,CAF,A
2026-07-05T12:00,Canada,100.0,100.0,0.0,0.0,0.0,0.0,1707,CONCACAF,B
2026-07-05T12:00,Türkiye,0.0,0.0,0.0,0.0,0.0,0.0,1821,UEFA,D
2026-07-05T12:00,Australia,100.0,0.0,0.0,0.0,0.0,0.0,1774,AFC,D
2026-07-05T12:00,Paraguay,100.0,100.0,0.0,0.0,0.0,0.0,1797,CONMEBOL,D
2026-07-05T12:00,Haiti,0.0,0.0,0.0,0.0,0.0,0.0,1490,CONCACAF,C
2026-07-05T12:00,Brazil,100.0,100.0,0.0,0.0,0.0,0.0,1980,CONMEBOL,C
2026-07-05T12:00,Scotland,0.0,0.0,0.0,0.0,0.0,0.0,1704,UEFA,C
2026-07-05T12:00,Qatar,0.0,0.0,0.0,0.0,0.0,0.0,1487,AFC,B
2026-07-05T12:00,Bosnia & Herzegovina,100.0,0.0,0.0,0.0,0.0,0.0,1614,UEFA,B
2026-07-05T12:00,South Korea,0.0,0.0,0.0,0.0,0.0,0.0,1736,AFC,A
2026-07-05T12:00,Tunisia,0.0,0.0,0.0,0.0,0.0,0.0,1597,CAF,F
2026-07-05T12:00,Sweden,100.0,0.0,0.0,0.0,0.0,0.0,1730,UEFA,F
2026-07-05T12:00,Germany,100.0,0.0,0.0,0.0,0.0,0.0,1856,UEFA,E
2026-07-05T12:00,Netherlands,100.0,0.0,0.0,0.0,0.0,0.0,1980,UEFA,F
2026-07-05T12:00,Ecuador,100.0,0.0,0.0,0.0,0.0,0.0,1848,CONMEBOL,E
2026-07-05T12:00,Côte d'Ivoire,100.0,0.0,0.0,0.0,0.0,0.0,1723,CAF,E
2026-07-05T12:00,Curaçao,0.0,0.0,0.0,0.0,0.0,0.0,1442,CONCACAF,E
2026-07-05T12:00,Cabo Verde,100.0,0.0,0.0,0.0,0.0,0.0,1556,CAF,H
2026-07-05T12:00,Saudi Arabia,0.0,0.0,0.0,0.0,0.0,0.0,1627,AFC,H
2026-07-05T12:00,Uruguay,0.0,0.0,0.0,0.0,0.0,0.0,1839,CONMEBOL,H
2026-07-05T12:00,New Zealand,0.0,0.0,0.0,0.0,0.0,0.0,1510,OFC,G
2026-07-05T12:00,Iran,0.0,0.0,0.0,0.0,0.0,0.0,1783,AFC,G
2026-07-05T12:00,Japan,100.0,0.0,0.0,0.0,0.0,0.0,1871,AFC,F
2026-07-05T12:00,Iraq,0.0,0.0,0.0,0.0,0.0,0.0,1572,AFC,I
2026-07-05T12:00,Senegal,100.0,0.0,0.0,0.0,0.0,0.0,1820,CAF,I
2026-07-05T12:00,Jordan,0.0,0.0,0.0,0.0,0.0,0.0,1627,AFC,J
2026-07-05T12:00,Algeria,100.0,0.0,0.0,0.0,0.0,0.0,1773,CAF,J
2026-07-05T12:00,Austria,100.0,0.0,0.0,0.0,0.0,0.0,1802,UEFA,J
2026-07-05T12:00,Uzbekistan,0.0,0.0,0.0,0.0,0.0,0.0,1599,AFC,K
2026-07-05T12:00,DR Congo,100.0,0.0,0.0,0.0,0.0,0.0,1752,CAF,K
2026-07-05T12:00,Croatia,100.0,0.0,0.0,0.0,0.0,0.0,1898,UEFA,L
2026-07-05T12:00,Panama,0.0,0.0,0.0,0.0,0.0,0.0,1560,CONCACAF,L
2026-07-05T12:00,Ghana,100.0,0.0,0.0,0.0,0.0,0.0,1670,CAF,L
2026-07-06T12:00,France,100.0,100.0,100.0,73.0,41.1,23.1,2143,UEFA,I
2026-07-06T12:00,Argentina,100.0,100.0,86.5,57.6,36.0,20.3,2148,CONMEBOL,J
2026-07-06T12:00,Spain,100.0,100.0,68.4,51.9,30.7,18.1,2170,UEFA,H
2026-07-06T12:00,England,100.0,100.0,100.0,62.5,30.7,14.2,2082,UEFA,L
2026-07-06T12:00,Colombia,100.0,100.0,59.8,24.4,12.3,5.6,2023,CONMEBOL,K
2026-07-06T12:00,Norway,100.0,100.0,100.0,37.5,14.4,5.3,1978,UEFA,I
2026-07-06T12:00,Morocco,100.0,100.0,100.0,27.0,10.2,4.0,1928,CAF,C
2026-07-06T12:00,Portugal,100.0,100.0,31.6,19.0,7.9,3.4,2004,UEFA,K
2026-07-06T12:00,United States,100.0,100.0,57.4,18.5,6.9,2.7,1879,CONCACAF,D
2026-07-06T12:00,Switzerland,100.0,100.0,40.2,14.3,5.6,1.9,1942,UEFA,B
2026-07-06T12:00,Belgium,100.0,100.0,42.6,10.6,3.2,1.1,1880,UEFA,G
2026-07-06T12:00,Egypt,100.0,100.0,13.5,3.6,1.0,0.2,1758,CAF,G
2026-07-06T12:00,Czechia,0.0,0.0,0.0,0.0,0.0,0.0,1680,UEFA,A
2026-07-06T12:00,Canada,100.0,100.0,0.0,0.0,0.0,0.0,1707,CONCACAF,B
2026-07-06T12:00,South Africa,100.0,0.0,0.0,0.0,0.0,0.0,1583,CAF,A
2026-07-06T12:00,Mexico,100.0,100.0,0.0,0.0,0.0,0.0,1909,CONCACAF,A
2026-07-06T12:00,Türkiye,0.0,0.0,0.0,0.0,0.0,0.0,1821,UEFA,D
2026-07-06T12:00,Australia,100.0,0.0,0.0,0.0,0.0,0.0,1774,AFC,D
2026-07-06T12:00,Paraguay,100.0,100.0,0.0,0.0,0.0,0.0,1797,CONMEBOL,D
2026-07-06T12:00,Haiti,0.0,0.0,0.0,0.0,0.0,0.0,1490,CONCACAF,C
2026-07-06T12:00,Brazil,100.0,100.0,0.0,0.0,0.0,0.0,1980,CONMEBOL,C
2026-07-06T12:00,Scotland,0.0,0.0,0.0,0.0,0.0,0.0,1704,UEFA,C
2026-07-06T12:00,Qatar,0.0,0.0,0.0,0.0,0.0,0.0,1487,AFC,B
2026-07-06T12:00,Bosnia & Herzegovina,100.0,0.0,0.0,0.0,0.0,0.0,1614,UEFA,B
2026-07-06T12:00,South Korea,0.0,0.0,0.0,0.0,0.0,0.0,1736,AFC,A
2026-07-06T12:00,Tunisia,0.0,0.0,0.0,0.0,0.0,0.0,1597,CAF,F
2026-07-06T12:00,Sweden,100.0,0.0,0.0,0.0,0.0,0.0,1730,UEFA,F
2026-07-06T12:00,Germany,100.0,0.0,0.0,0.0,0.0,0.0,1856,UEFA,E
2026-07-06T12:00,Netherlands,100.0,0.0,0.0,0.0,0.0,0.0,1980,UEFA,F
2026-07-06T12:00,Ecuador,100.0,0.0,0.0,0.0,0.0,0.0,1848,CONMEBOL,E
2026-07-06T12:00,Côte d'Ivoire,100.0,0.0,0.0,0.0,0.0,0.0,1723,CAF,E
2026-07-06T12:00,Curaçao,0.0,0.0,0.0,0.0,0.0,0.0,1442,CONCACAF,E
2026-07-06T12:00,Cabo Verde,100.0,0.0,0.0,0.0,0.0,0.0,1556,CAF,H
2026-07-06T12:00,Saudi Arabia,0.0,0.0,0.0,0.0,0.0,0.0,1627,AFC,H
2026-07-06T12:00,Uruguay,0.0,0.0,0.0,0.0,0.0,0.0,1839,CONMEBOL,H
2026-07-06T12:00,New Zealand,0.0,0.0,0.0,0.0,0.0,0.0,1510,OFC,G
2026-07-06T12:00,Iran,0.0,0.0,0.0,0.0,0.0,0.0,1783,AFC,G
2026-07-06T12:00,Japan,100.0,0.0,0.0,0.0,0.0,0.0,1871,AFC,F
2026-07-06T12:00,Iraq,0.0,0.0,0.0,0.0,0.0,0.0,1572,AFC,I
2026-07-06T12:00,Senegal,100.0,0.0,0.0,0.0,0.0,0.0,1820,CAF,I
2026-07-06T12:00,Jordan,0.0,0.0,0.0,0.0,0.0,0.0,1627,AFC,J
2026-07-06T12:00,Algeria,100.0,0.0,0.0,0.0,0.0,0.0,1773,CAF,J
2026-07-06T12:00,Austria,100.0,0.0,0.0,0.0,0.0,0.0,1802,UEFA,J
2026-07-06T12:00,Uzbekistan,0.0,0.0,0.0,0.0,0.0,0.0,1599,AFC,K
2026-07-06T12:00,DR Congo,100.0,0.0,0.0,0.0,0.0,0.0,1752,CAF,K
2026-07-06T12:00,Croatia,100.0,0.0,0.0,0.0,0.0,0.0,1898,UEFA,L
2026-07-06T12:00,Panama,0.0,0.0,0.0,0.0,0.0,0.0,1560,CONCACAF,L
2026-07-06T12:00,Ghana,100.0,0.0,0.0,0.0,0.0,0.0,1670,CAF,L
2026-07-16T19:53,Spain,100.0,100.0,100.0,100.0,100.0,54.3,2238,UEFA,H
2026-07-16T19:53,Argentina,100.0,100.0,100.0,100.0,100.0,45.7,2202,CONMEBOL,J
2026-07-16T19:53,Mexico,100.0,100.0,0.0,0.0,0.0,0.0,1909,CONCACAF,A
2026-07-16T19:53,South Korea,0.0,0.0,0.0,0.0,0.0,0.0,1736,AFC,A
2026-07-16T19:53,Canada,100.0,100.0,0.0,0.0,0.0,0.0,1707,CONCACAF,B
2026-07-16T19:53,Switzerland,100.0,100.0,100.0,0.0,0.0,0.0,1955,UEFA,B
2026-07-16T19:53,South Africa,100.0,0.0,0.0,0.0,0.0,0.0,1583,CAF,A
2026-07-16T19:53,Czechia,0.0,0.0,0.0,0.0,0.0,0.0,1680,UEFA,A
2026-07-16T19:53,Brazil,100.0,100.0,0.0,0.0,0.0,0.0,1980,CONMEBOL,C
2026-07-16T19:53,Morocco,100.0,100.0,100.0,0.0,0.0,0.0,1908,CAF,C
2026-07-16T19:53,Scotland,0.0,0.0,0.0,0.0,0.0,0.0,1704,UEFA,C
2026-07-16T19:53,Haiti,0.0,0.0,0.0,0.0,0.0,0.0,1490,CONCACAF,C
2026-07-16T19:53,United States,100.0,100.0,0.0,0.0,0.0,0.0,1827,CONCACAF,D
2026-07-16T19:53,Paraguay,100.0,100.0,0.0,0.0,0.0,0.0,1797,CONMEBOL,D
2026-07-16T19:53,Qatar,0.0,0.0,0.0,0.0,0.0,0.0,1487,AFC,B
2026-07-16T19:53,Bosnia & Herzegovina,100.0,0.0,0.0,0.0,0.0,0.0,1614,UEFA,B
2026-07-16T19:53,Türkiye,0.0,0.0,0.0,0.0,0.0,0.0,1821,UEFA,D
2026-07-16T19:53,Australia,100.0,0.0,0.0,0.0,0.0,0.0,1774,AFC,D
2026-07-16T19:53,Côte d'Ivoire,100.0,0.0,0.0,0.0,0.0,0.0,1723,CAF,E
2026-07-16T19:53,Germany,100.0,0.0,0.0,0.0,0.0,0.0,1856,UEFA,E
2026-07-16T19:53,Netherlands,100.0,0.0,0.0,0.0,0.0,0.0,1980,UEFA,F
2026-07-16T19:53,Japan,100.0,0.0,0.0,0.0,0.0,0.0,1871,AFC,F
2026-07-16T19:53,Tunisia,0.0,0.0,0.0,0.0,0.0,0.0,1597,CAF,F
2026-07-16T19:53,Ecuador,100.0,0.0,0.0,0.0,0.0,0.0,1848,CONMEBOL,E
2026-07-16T19:53,Sweden,100.0,0.0,0.0,0.0,0.0,0.0,1730,UEFA,F
2026-07-16T19:53,Belgium,100.0,100.0,100.0,0.0,0.0,0.0,1921,UEFA,G
2026-07-16T19:53,Egypt,100.0,100.0,0.0,0.0,0.0,0.0,1753,CAF,G
2026-07-16T19:53,Iran,0.0,0.0,0.0,0.0,0.0,0.0,1783,AFC,G
2026-07-16T19:53,New Zealand,0.0,0.0,0.0,0.0,0.0,0.0,1510,OFC,G
2026-07-16T19:53,Uruguay,0.0,0.0,0.0,0.0,0.0,0.0,1839,CONMEBOL,H
2026-07-16T19:53,Saudi Arabia,0.0,0.0,0.0,0.0,0.0,0.0,1627,AFC,H
2026-07-16T19:53,Curaçao,0.0,0.0,0.0,0.0,0.0,0.0,1442,CONCACAF,E
2026-07-16T19:53,Cabo Verde,100.0,0.0,0.0,0.0,0.0,0.0,1556,CAF,H
2026-07-16T19:53,France,100.0,100.0,100.0,100.0,0.0,0.0,2123,UEFA,I
2026-07-16T19:53,Norway,100.0,100.0,100.0,0.0,0.0,0.0,1957,UEFA,I
2026-07-16T19:53,Senegal,100.0,0.0,0.0,0.0,0.0,0.0,1820,CAF,I
2026-07-16T19:53,Iraq,0.0,0.0,0.0,0.0,0.0,0.0,1572,AFC,I
2026-07-16T19:53,Austria,100.0,0.0,0.0,0.0,0.0,0.0,1802,UEFA,J
2026-07-16T19:53,Algeria,100.0,0.0,0.0,0.0,0.0,0.0,1773,CAF,J
2026-07-16T19:53,Jordan,0.0,0.0,0.0,0.0,0.0,0.0,1627,AFC,J
2026-07-16T19:53,Portugal,100.0,100.0,0.0,0.0,0.0,0.0,1987,UEFA,K
2026-07-16T19:53,Colombia,100.0,100.0,0.0,0.0,0.0,0.0,1986,CONMEBOL,K
2026-07-16T19:53,Uzbekistan,0.0,0.0,0.0,0.0,0.0,0.0,1599,AFC,K
2026-07-16T19:53,DR Congo,100.0,0.0,0.0,0.0,0.0,0.0,1752,CAF,K
2026-07-16T19:53,England,100.0,100.0,100.0,100.0,0.0,0.0,2080,UEFA,L
2026-07-16T19:53,Croatia,100.0,0.0,0.0,0.0,0.0,0.0,1898,UEFA,L
2026-07-16T19:53,Panama,0.0,0.0,0.0,0.0,0.0,0.0,1560,CONCACAF,L
2026-07-16T19:53,Ghana,100.0,0.0,0.0,0.0,0.0,0.0,1670,CAF,L
